[Licensing::Module] Trying to connect to existing licensing client channel...
Built from '6000.3/staging' branch; Version is '6000.3.17f1 (cf0352b38e81) revision 13566802'; Using compiler version '194234433'; Build Type 'Release'
OS: 'Windows 11  (10.0.26200) CoreCountrySpecific' Language: 'zh' Physical Memory: 16227 MB
[Licensing::IpcConnector] Successfully connected to: "LicenseClient-张海桃" at "2026-07-14T14:51:33.5285033Z"
BatchMode: 1, IsHumanControllingUs: 0, StartBugReporterOnCrash: 0, Is64bit: 1
System  architecture: x64
Process architecture: x64
Date: 2026-07-14T14:51:33Z

COMMAND LINE ARGUMENTS:
D:\Unity Hub\Editor\Unity.exe
-batchmode
-projectPath
D:/MyGame/Path_of_Ten_Thousand_Ways/tmp/UnityCaptureProject
-executeMethod
PathOfTenThousandWays.Demo.EditorTools.DemoPostBattleScreenshotTool.Capture
-logFile
D:/MyGame/Path_of_Ten_Thousand_Ways/tmp/unity_p0_capture_clone.log
Successfully changed project path to: D:/MyGame/Path_of_Ten_Thousand_Ways/tmp/UnityCaptureProject
D:/MyGame/Path_of_Ten_Thousand_Ways/tmp/UnityCaptureProject
[UnityMemory] Configuration Parameters - Can be set up in boot.config
    "memorysetup-temp-allocator-size-nav-mesh-worker=65536"
    "memorysetup-temp-allocator-size-audio-worker=65536"
    "memorysetup-temp-allocator-size-gfx=262144"
    "memorysetup-allocator-temp-initial-block-size-main=262144"
    "memorysetup-allocator-temp-initial-block-size-worker=262144"
    "memorysetup-temp-allocator-size-background-worker=32768"
    "memorysetup-temp-allocator-size-job-worker=262144"
    "memorysetup-temp-allocator-size-preload-manager=33554432"
    "memorysetup-temp-allocator-size-gi-baking-worker=262144"
    "memorysetup-temp-allocator-size-gi-baking-worker=262144"
    "memorysetup-temp-allocator-size-gi-baking-worker=262144"
    "memorysetup-temp-allocator-size-gi-baking-worker=262144"
    "memorysetup-temp-allocator-size-gi-baking-worker=262144"
    "memorysetup-bucket-allocator-granularity=16"
    "memorysetup-bucket-allocator-bucket-count=8"
    "memorysetup-bucket-allocator-block-size=33554432"
    "memorysetup-bucket-allocator-block-count=8"
    "memorysetup-main-allocator-block-size=16777216"
    "memorysetup-thread-allocator-block-size=16777216"
    "memorysetup-gfx-main-allocator-block-size=16777216"
    "memorysetup-gfx-thread-allocator-block-size=16777216"
    "memorysetup-cache-allocator-block-size=4194304"
    "memorysetup-typetree-allocator-block-size=2097152"
    "memorysetup-profiler-bucket-allocator-granularity=16"
    "memorysetup-profiler-bucket-allocator-bucket-count=8"
    "memorysetup-profiler-bucket-allocator-block-size=33554432"
    "memorysetup-profiler-bucket-allocator-block-count=8"
    "memorysetup-profiler-allocator-block-size=16777216"
    "memorysetup-profiler-editor-allocator-block-size=1048576"
    "memorysetup-temp-allocator-size-main=16777216"
    "memorysetup-job-temp-allocator-block-size=2097152"
    "memorysetup-job-temp-allocator-block-size-background=1048576"
    "memorysetup-job-temp-allocator-reduction-small-platforms=262144"
    "memorysetup-temp-allocator-size-cloud-worker=32768"
Player connection [18180]  Target information:

Player connection [18180]  * "[IP] 192.168.1.2 [Port] 55505 [Flags] 2 [Guid] 2142517211 [EditorId] 2142517211 [Version] 1048832 [Id] WindowsEditor(7,MSI) [Debug] 1 [PackageName] WindowsEditor [ProjectName] Editor" 

Player connection [18180] Host joined multi-casting on [225.0.0.222:54997]...
Player connection [18180] Host joined alternative multi-casting on [225.0.0.222:34997]...
Input System module state changed to: Initialized.
[Physics::Module] Initialized fallback backend.
[Physics::Module] Id: 0xdecafbad
[Package Manager] Connected to IPC stream "Upm-22784" after 0.4 seconds.
[Licensing::Module] Licensing is not yet initialized.
[Licensing::Client] Error: HandshakeResponse reported an error:
	ResponseCode: 505
	ResponseStatus: Unsupported protocol version '1.18.1'.
[Licensing::Module] Error: Failed to handshake to channel: "LicenseClient-张海桃"
[Licensing::IpcConnector] LicenseClient-张海桃 channel disconnected successfully.
[Licensing::IpcConnector] Successfully connected to: "LicenseClient-张海桃-6000.3.17" at "2026-07-14T14:51:35.7907386Z"
[Licensing::Client] Code 10 while verifying Licensing Client signature (process Id: 20272, path: "D:/Unity Hub/Editor/Data/Resources/Licensing/Client/Unity.Licensing.Client.exe")
[Licensing::Module] LicensingClient has failed validation; ignoring
[Licensing::Client] Handshaking with LicensingClient:
  Version:                 1.18.1+9fbee8e
  Session Id:              a5e0af82b6c24e0ead47a859231f50e2
  Correlation Id:          3f437900b119247d57fb3075aa1c323d
  External correlation Id: 8549215914405835291
  Machine Id:              B0U8yf2hWd9+tEz6yaV3sSlcK3A=
[Licensing::Module] Successfully connected to LicensingClient on channel: "LicenseClient-张海桃-6000.3.17" (connect: 0.00s, validation: 0.00s, handshake: 0.01s)
[Licensing::IpcConnector] Successfully connected to: "LicenseClient-张海桃-6000.3.17-notifications" at "2026-07-14T14:51:35.8058394Z"
[Licensing::Module] Error: Access token is unavailable; failed to update
[Licensing::Client] Successfully resolved entitlement details
[Licensing::Module] License group:
  Id: ewogICJzdWJzR3JvdXAiIDogInVuaXR5IGVkaXRvciIsCiAgIm5hbWVzcGFjZSIgOiAidW5pdHlfZWRpdG9yIiwKICAidHlwZSIgOiAiRURJVE9SIiwKICAidGFnIiA6ICJVbml0eVBlcnNvbmFsXXXX
  Product: Unity Personal Version
  Type: Assigned
  Expiration: Unlimited
[Licensing::Client] Successfully updated license, isAsync: True, time: 0.00
[Licensing::Client] Successfully resolved entitlement details
[Licensing::Module] Licensing Background thread has ended after 2.29s
[Licensing::Module] Licensing is initialized (took 1.68s).
[Licensing::Client] Successfully resolved entitlement details
Library Redirect Path: Library/
Rebuilding Library because the asset database could not be found!
[Physics::Module] Selected backend.
[Physics::Module] Name: PhysX
[Physics::Module] Id: 0xf2b8ea05
[Physics::Module] SDK Version: 4.1.2
[Physics::Module] Integration Version: 1.0.0
[Physics::Module] Threading Mode: Multi-Threaded
Refreshing native plugins compatible for Editor in 0.00 ms, found 0 plugins.
Preloading 0 native plugins for Editor in 0.00 ms.
Initialize engine version: 6000.3.17f1 (cf0352b38e81)
[Subsystems] Discovering subsystems at path D:/Unity Hub/Editor/Data/Resources/UnitySubsystems
[Subsystems] Discovering subsystems at path D:/MyGame/Path_of_Ten_Thousand_Ways/tmp/UnityCaptureProject/Assets
GfxDevice: creating device client; kGfxThreadingModeNonThreaded
Direct3D:
    Version:  Direct3D 11.0 [level 11.1]
    Renderer: NVIDIA GeForce GTX 1660 Ti (ID=0x2191)
    Vendor:   NVIDIA
    VRAM:     5966 MB
    Driver:   32.0.15.8115
Initialize mono
Mono path[0] = 'D:/Unity Hub/Editor/Data/Managed'
Mono path[1] = 'D:/Unity Hub/Editor/Data/MonoBleedingEdge/lib/mono/unityjit-win32'
Mono config path = 'D:/Unity Hub/Editor/Data/MonoBleedingEdge/etc'
Using monoOptions --debugger-agent=transport=dt_socket,embedding=1,server=y,suspend=n,address=127.0.0.1:56784
Using cacheserver namespaces - metadata:defaultmetadata, artifacts:defaultartifacts
Using cacheserver namespaces - metadata:defaultmetadata, artifacts:defaultartifacts
ImportWorker Server TCP listen port: 0
AcceleratorClientConnectionCallback - disconnected - :0
Begin MonoManager ReloadAssembly
Registering precompiled unity dll's ...
Register platform support module: D:/Unity Hub/Editor/Data/PlaybackEngines/WindowsStandaloneSupport/UnityEditor.WindowsStandalone.Extensions.dll
Registered in 0.002744 seconds.
- Loaded All Assemblies, in  1.175 seconds
Native extension for WindowsStandalone target not found
Package Manager log level set to [2]
ScheduleIndexationOnStartup MainProcess:False IndexOnStartup:False
Mono: successfully reloaded assembly
- Finished resetting the current domain, in  0.812 seconds
Domain Reload Profiling: 1986ms
	BeginReloadAssembly (543ms)
		ExecutionOrderSort (0ms)
		DisableScriptedObjects (0ms)
		BackupInstance (0ms)
		ReleaseScriptingObjects (0ms)
		CreateAndSetChildDomain (4ms)
	RebuildCommonClasses (126ms)
	RebuildNativeTypeToScriptingClass (28ms)
	initialDomainReloadingComplete (97ms)
	LoadAllAssembliesAndSetupDomain (380ms)
		LoadAssemblies (539ms)
		RebuildTransferFunctionScriptingTraits (0ms)
		AnalyzeDomain (373ms)
			TypeCache.Refresh (370ms)
				TypeCache.ScanAssembly (345ms)
			BuildScriptInfoCaches (0ms)
			ResolveRequiredComponents (1ms)
	FinalizeReload (813ms)
		ReleaseScriptCaches (0ms)
		RebuildScriptCaches (0ms)
		SetupLoadedEditorAssemblies (729ms)
			LogAssemblyErrors (0ms)
			InitializePlatformSupportModulesInManaged (88ms)
			SetLoadedEditorAssemblies (7ms)
			BeforeProcessingInitializeOnLoad (163ms)
			ProcessInitializeOnLoadAttributes (284ms)
			ProcessInitializeOnLoadMethodAttributes (187ms)
			AfterProcessingInitializeOnLoad (0ms)
			EditorAssembliesLoaded (0ms)
		ExecutionOrderSort2 (0ms)
		AwakeInstancesAfterBackupRestoration (0ms)
[Licensing::Client] Successfully resolved entitlement details
Application.AssetDatabase Initial Refresh Start
[Package Manager] Done resolving packages in 31.32 seconds
[Licensing::Client] Successfully resolved entitlement details
[Package Manager] Registered 12 packages:
  Packages from [https://packages.unity.com]:
    com.unity.inputsystem@1.14.0 (location: D:\MyGame\Path_of_Ten_Thousand_Ways\tmp\UnityCaptureProject\Library\PackageCache\com.unity.inputsystem@7fe8299111a7)
  Built-in packages:
    com.unity.ugui@2.0.0 (location: D:\MyGame\Path_of_Ten_Thousand_Ways\tmp\UnityCaptureProject\Library\PackageCache\com.unity.ugui@05e8dec4ac02)
    com.unity.modules.adaptiveperformance@1.0.0 (location: D:\MyGame\Path_of_Ten_Thousand_Ways\tmp\UnityCaptureProject\Library\PackageCache\com.unity.modules.adaptiveperformance)
    com.unity.modules.vectorgraphics@1.0.0 (location: D:\MyGame\Path_of_Ten_Thousand_Ways\tmp\UnityCaptureProject\Library\PackageCache\com.unity.modules.vectorgraphics)
    com.unity.modules.uielements@1.0.0 (location: D:\MyGame\Path_of_Ten_Thousand_Ways\tmp\UnityCaptureProject\Library\PackageCache\com.unity.modules.uielements)
    com.unity.modules.imageconversion@1.0.0 (location: D:\MyGame\Path_of_Ten_Thousand_Ways\tmp\UnityCaptureProject\Library\PackageCache\com.unity.modules.imageconversion)
    com.unity.modules.imgui@1.0.0 (location: D:\MyGame\Path_of_Ten_Thousand_Ways\tmp\UnityCaptureProject\Library\PackageCache\com.unity.modules.imgui)
    com.unity.modules.subsystems@1.0.0 (location: D:\MyGame\Path_of_Ten_Thousand_Ways\tmp\UnityCaptureProject\Library\PackageCache\com.unity.modules.subsystems)
    com.unity.modules.ui@1.0.0 (location: D:\MyGame\Path_of_Ten_Thousand_Ways\tmp\UnityCaptureProject\Library\PackageCache\com.unity.modules.ui)
    com.unity.modules.jsonserialize@1.0.0 (location: D:\MyGame\Path_of_Ten_Thousand_Ways\tmp\UnityCaptureProject\Library\PackageCache\com.unity.modules.jsonserialize)
    com.unity.modules.hierarchycore@1.0.0 (location: D:\MyGame\Path_of_Ten_Thousand_Ways\tmp\UnityCaptureProject\Library\PackageCache\com.unity.modules.hierarchycore)
    com.unity.modules.physics@1.0.0 (location: D:\MyGame\Path_of_Ten_Thousand_Ways\tmp\UnityCaptureProject\Library\PackageCache\com.unity.modules.physics)
[Subsystems] No new subsystems found in resolved package list.
[Package Manager] Done registering packages in 0.01 seconds
[ScriptCompilation] Requested script compilation because: Assembly Definition File(s) changed
[ScriptCompilation] Requested script compilation because: Assetdatabase observed changes in script compilation related files
Starting: D:\Unity Hub\Editor\Data\Tools\BuildPipeline\bee_backend.exe --ipc --defer-dag-verification --dagfile="Library/Bee/1900b0aE.dag" --continue-on-failure --profile="Library/Bee/backend1.traceevents" ScriptAssemblies
WorkingDir: D:/MyGame/Path_of_Ten_Thousand_Ways/tmp/UnityCaptureProject
ExitCode: 4 Duration: 0s60ms
[             ] Require frontend run.  Library/Bee/1900b0aE.dag couldn't be loaded
DisplayProgressbar: Compiling Scripts
Starting: D:\Unity Hub\Editor\Data\netcorerun\netcorerun.exe "D:\Unity Hub\Editor\Data\Tools\BuildPipeline\ScriptCompilationBuildProgram.exe" "Library/Bee/1900b0aE.dag.json" "Library/Bee/1900b0aE-inputdata.json" "Library\Bee\buildprogram0.traceevents"
WorkingDir: D:/MyGame/Path_of_Ten_Thousand_Ways/tmp/UnityCaptureProject
ExitCode: 0 Duration: 0s468ms
Starting: D:\Unity Hub\Editor\Data\Tools\BuildPipeline\bee_backend.exe --ipc --defer-dag-verification --dagfile="Library/Bee/1900b0aE.dag" --continue-on-failure --dagfilejson="Library\Bee\1900b0aE.dag.json" --profile="Library/Bee/backend2.traceevents" ScriptAssemblies
WorkingDir: D:/MyGame/Path_of_Ten_Thousand_Ways/tmp/UnityCaptureProject
ExitCode: 0 Duration: 10s
Finished compiling graph: 238 nodes, 2047 flattened edges (1913 ToBuild, 22 ToUse), maximum node priority 123
[  1/235    0s] MovedFromExtractor Library/Bee/artifacts/mvdfrm/UnityEngine.GIModule.dll_86D7C7AF0BC12E74.mvfrm
[  2/235    0s] MovedFromExtractor Library/Bee/artifacts/mvdfrm/UnityEngine.HotReloadModule.dll_3E1EE4816BF08248.mvfrm
[  3/235    0s] MovedFromExtractor Library/Bee/artifacts/mvdfrm/UnityEngine.DSPGraphModule.dll_4B9158EBD0BED36F.mvfrm
[  4/235    0s] MovedFromExtractor Library/Bee/artifacts/mvdfrm/UnityEngine.GraphicsStateCollectionSerializerModule.dll_7D1740CE2470FA48.mvfrm
[  5/235    0s] MovedFromExtractor Library/Bee/artifacts/mvdfrm/UnityEngine.IdentifiersModule.dll_B46312733A0180CC.mvfrm
[  6/235    0s] MovedFromExtractor Library/Bee/artifacts/mvdfrm/UnityEngine.CrashReportingModule.dll_7A6192B432D53429.mvfrm
[  7/235    0s] MovedFromExtractor Library/Bee/artifacts/mvdfrm/UnityEngine.ImageConversionModule.dll_A5C971B9DA5A0353.mvfrm
[  8/235    0s] MovedFromExtractor Library/Bee/artifacts/mvdfrm/UnityEngine.GridModule.dll_46DA951C723255E8.mvfrm
[  9/235    0s] MovedFromExtractor Library/Bee/artifacts/mvdfrm/UnityEngine.GameCenterModule.dll_CD35119AA78B2A09.mvfrm
[ 10/235    0s] MovedFromExtractor Library/Bee/artifacts/mvdfrm/UnityEngine.HierarchyCoreModule.dll_54B153A93516E916.mvfrm
[ 11/235    0s] MovedFromExtractor Library/Bee/artifacts/mvdfrm/UnityEngine.InputForUIModule.dll_CFE76BB407ABC6C5.mvfrm
[ 12/235    0s] MovedFromExtractor Library/Bee/artifacts/mvdfrm/UnityEngine.CoreModule.dll_6969792E59DDBFF1.mvfrm
[ 13/235    0s] MovedFromExtractor Library/Bee/artifacts/mvdfrm/UnityEditor.dll_32A27D22D67BF9EF.mvfrm
[ 14/235    0s] MovedFromExtractor Library/Bee/artifacts/mvdfrm/UnityEditor.VFXModule.dll_7FB371E97716CA05.mvfrm
[ 15/235    0s] MovedFromExtractor Library/Bee/artifacts/mvdfrm/UnityEngine.ARModule.dll_A80E43A4CD2FA523.mvfrm
[ 16/235    0s] MovedFromExtractor Library/Bee/artifacts/mvdfrm/UnityEngine.IMGUIModule.dll_85D103D269A03A19.mvfrm
[ 17/235    0s] MovedFromExtractor Library/Bee/artifacts/mvdfrm/UnityEditor.XRModule.dll_313174C98BD0EB11.mvfrm
[ 18/235    0s] MovedFromExtractor Library/Bee/artifacts/mvdfrm/UnityEditor.VideoModule.dll_AC4E2C7234839138.mvfrm
[ 19/235    0s] MovedFromExtractor Library/Bee/artifacts/mvdfrm/UnityEngine.ContentLoadModule.dll_74EFE3BE460B5AA1.mvfrm
[ 20/235    0s] MovedFromExtractor Library/Bee/artifacts/mvdfrm/UnityEngine.AdaptivePerformanceModule.dll_A3BA59D8674AFAEC.mvfrm
[ 21/235    0s] MovedFromExtractor Library/Bee/artifacts/mvdfrm/UnityEngine.ClusterRendererModule.dll_39D7740958354B5F.mvfrm
[ 22/235    0s] MovedFromExtractor Library/Bee/artifacts/mvdfrm/UnityEditor.VectorGraphicsModule.dll_A996B09A1700A1F5.mvfrm
[ 23/235    0s] MovedFromExtractor Library/Bee/artifacts/mvdfrm/UnityEngine.ClusterInputModule.dll_72E304CD6F793942.mvfrm
[ 24/235    0s] MovedFromExtractor Library/Bee/artifacts/mvdfrm/UnityEditor.UnityConnectModule.dll_F3468FB7BDF1667C.mvfrm
[ 25/235    0s] MovedFromExtractor Library/Bee/artifacts/mvdfrm/UnityEditor.UIToolkitAuthoringModule.dll_14954A5CDEE6D344.mvfrm
[ 26/235    0s] MovedFromExtractor Library/Bee/artifacts/mvdfrm/UnityEditor.UmbraModule.dll_0219541FFF182106.mvfrm
[ 27/235    0s] MovedFromExtractor Library/Bee/artifacts/mvdfrm/UnityEditor.UIElementsSamplesModule.dll_9AD08CCE692B714B.mvfrm
[ 28/235    0s] MovedFromExtractor Library/Bee/artifacts/mvdfrm/UnityEditor.TreeModule.dll_A3F49AEA399DEA05.mvfrm
[ 29/235    0s] MovedFromExtractor Library/Bee/artifacts/mvdfrm/UnityEditor.UIBuilderModule.dll_42D9576F29190B54.mvfrm
[ 30/235    0s] MovedFromExtractor Library/Bee/artifacts/mvdfrm/UnityEditor.TilemapModule.dll_C6902E1C32E60ABB.mvfrm
[ 31/235    0s] MovedFromExtractor Library/Bee/artifacts/mvdfrm/UnityEditor.UIAutomationModule.dll_A8AD713235814A22.mvfrm
[ 32/235    0s] MovedFromExtractor Library/Bee/artifacts/mvdfrm/UnityEditor.UIElementsModule.dll_249EDEAC982ACA42.mvfrm
[ 33/235    0s] MovedFromExtractor Library/Bee/artifacts/mvdfrm/UnityEditor.TextRenderingModule.dll_F4946D73185019DC.mvfrm
[ 34/235    0s] MovedFromExtractor Library/Bee/artifacts/mvdfrm/UnityEditor.TextCoreFontEngineModule.dll_E13EB5CFC0604F84.mvfrm
[ 35/235    0s] MovedFromExtractor Library/Bee/artifacts/mvdfrm/UnityEditor.TextCoreTextEngineModule.dll_2926EC414FE408A2.mvfrm
[ 36/235    0s] MovedFromExtractor Library/Bee/artifacts/mvdfrm/UnityEditor.SubstanceModule.dll_9830372C46186A2D.mvfrm
[ 37/235    0s] MovedFromExtractor Library/Bee/artifacts/mvdfrm/UnityEditor.SpriteShapeModule.dll_EF74E8491AF0DA39.mvfrm
[ 38/235    0s] MovedFromExtractor Library/Bee/artifacts/mvdfrm/UnityEditor.ShaderFoundryModule.dll_E9D11B7AE8A2E511.mvfrm
[ 39/235    0s] MovedFromExtractor Library/Bee/artifacts/mvdfrm/UnityEditor.SketchUpModule.dll_333E1A5225C4C6DE.mvfrm
[ 40/235    0s] MovedFromExtractor Library/Bee/artifacts/mvdfrm/UnityEditor.TerrainModule.dll_2793C69B1B2929B2.mvfrm
[ 41/235    0s] MovedFromExtractor Library/Bee/artifacts/mvdfrm/UnityEditor.ShaderCompilationModule.dll_A69EEF464C2F661B.mvfrm
[ 42/235    0s] MovedFromExtractor Library/Bee/artifacts/mvdfrm/UnityEditor.ShaderBuildSettingsModule.dll_EB510BCAFF04D929.mvfrm
[ 43/235    0s] MovedFromExtractor Library/Bee/artifacts/mvdfrm/UnityEditor.SceneViewModule.dll_2D008D5AAB835F2E.mvfrm
[ 44/235    0s] MovedFromExtractor Library/Bee/artifacts/mvdfrm/UnityEditor.SceneTemplateModule.dll_AAF14B37C5F36883.mvfrm
[ 45/235    0s] MovedFromExtractor Library/Bee/artifacts/mvdfrm/UnityEditor.SpriteMaskModule.dll_B5B316E2C6B6A638.mvfrm
[ 46/235    0s] MovedFromExtractor Library/Bee/artifacts/mvdfrm/UnityEditor.SafeModeModule.dll_4B293501DA932AC7.mvfrm
[ 47/235    0s] MovedFromExtractor Library/Bee/artifacts/mvdfrm/UnityEditor.QuickSearchModule.dll_97F0578C1521FDC2.mvfrm
[ 48/235    0s] MovedFromExtractor Library/Bee/artifacts/mvdfrm/UnityEditor.PropertiesModule.dll_F9C1E391183274FA.mvfrm
[ 49/235    0s] MovedFromExtractor Library/Bee/artifacts/mvdfrm/UnityEditor.PhysicsModule.dll_0D4D4B2C456AE0C4.mvfrm
[ 50/235    0s] MovedFromExtractor Library/Bee/artifacts/mvdfrm/UnityEditor.QuickInstallModule.dll_D6EBD080DA93EF95.mvfrm
[ 51/235    0s] MovedFromExtractor Library/Bee/artifacts/mvdfrm/UnityEditor.Physics2DModule.dll_539625834C3AAC76.mvfrm
[ 52/235    0s] MovedFromExtractor Library/Bee/artifacts/mvdfrm/UnityEditor.PresetsUIModule.dll_A9B6E334B8B8EA25.mvfrm
[ 53/235    0s] MovedFromExtractor Library/Bee/artifacts/mvdfrm/UnityEditor.MediaModule.dll_5304C198F03DFE21.mvfrm
[ 54/235    0s] MovedFromExtractor Library/Bee/artifacts/mvdfrm/UnityEditor.MultiplayerModule.dll_55BBD77B1E162FA7.mvfrm
[ 55/235    0s] MovedFromExtractor Library/Bee/artifacts/mvdfrm/UnityEditor.HierarchyModule.dll_DBC4B12E743FD0E2.mvfrm
[ 56/235    0s] MovedFromExtractor Library/Bee/artifacts/mvdfrm/UnityEditor.GridModule.dll_23B9C1C9CA2CEABD.mvfrm
[ 57/235    0s] MovedFromExtractor Library/Bee/artifacts/mvdfrm/UnityEditor.GridAndSnapModule.dll_1699BD003FAFBE58.mvfrm
[ 58/235    0s] MovedFromExtractor Library/Bee/artifacts/mvdfrm/UnityEditor.GraphicsStateCollectionSerializerModule.dll_742373DE5771B0E3.mvfrm
[ 59/235    0s] MovedFromExtractor Library/Bee/artifacts/mvdfrm/UnityEditor.GraphViewModule.dll_EE50AA52B6609220.mvfrm
[ 60/235    0s] WriteText Library/Bee/artifacts/1900b0aE.dag/UnityEngine.UI.rsp2
[ 61/235    0s] MovedFromExtractor Library/Bee/artifacts/mvdfrm/UnityEditor.GIModule.dll_4869361FA043FAA9.mvfrm
[ 62/235    0s] WriteText Library/Bee/artifacts/1900b0aE.dag/UnityEngine.UI.UnityAdditionalFile.txt
[ 63/235    0s] MovedFromExtractor Library/Bee/artifacts/mvdfrm/UnityEditor.EditorToolbarModule.dll_8751DA79C706BE4B.mvfrm
[ 64/235    0s] MovedFromExtractor Library/Bee/artifacts/mvdfrm/UnityEditor.DiagnosticsModule.dll_0CE0D67EBC4B0169.mvfrm
[ 65/235    0s] MovedFromExtractor Library/Bee/artifacts/mvdfrm/UnityEditor.EmbreeModule.dll_898F6B396129B1CF.mvfrm
[ 66/235    0s] MovedFromExtractor Library/Bee/artifacts/mvdfrm/UnityEditor.CoreBusinessMetricsModule.dll_6315BE9C524CD6E1.mvfrm
[ 67/235    0s] MovedFromExtractor Library/Bee/artifacts/mvdfrm/UnityEditor.ClothModule.dll_EE2D05024C0E5477.mvfrm
[ 68/235    0s] MovedFromExtractor Library/Bee/artifacts/mvdfrm/UnityEditor.DeviceSimulatorModule.dll_342AB197E87A3DDB.mvfrm
[ 69/235    0s] MovedFromExtractor Library/Bee/artifacts/mvdfrm/UnityEditor.BuildProfileModule.dll_F80C8241990D8162.mvfrm
[ 70/235    0s] MovedFromExtractor Library/Bee/artifacts/mvdfrm/UnityEngine.StreamingModule.dll_716B13CBE0451E04.mvfrm
[ 71/235    0s] MovedFromExtractor Library/Bee/artifacts/mvdfrm/UnityEditor.AssetComplianceModule.dll_6D05C18663362208.mvfrm
[ 72/235    0s] MovedFromExtractor Library/Bee/artifacts/mvdfrm/UnityEditor.AdaptivePerformanceModule.dll_E32AC5222C05A7E7.mvfrm
[ 73/235    0s] MovedFromExtractor Library/Bee/artifacts/mvdfrm/UnityEditor.CoreModule.dll_4648A5DBB1D854C6.mvfrm
[ 74/235    0s] MovedFromExtractor Library/Bee/artifacts/mvdfrm/UnityEngine.VirtualTexturingModule.dll_A0EC554FAF09974F.mvfrm
[ 75/235    0s] MovedFromExtractor Library/Bee/artifacts/mvdfrm/UnityEditor.AccessibilityModule.dll_5155C4A74D710CFB.mvfrm
[ 76/235    0s] MovedFromExtractor Library/Bee/artifacts/mvdfrm/UnityEngine.dll_6546C3FB34EF86D4.mvfrm
[ 77/235    0s] MovedFromExtractor Library/Bee/artifacts/mvdfrm/UnityEngine.UnityCurlModule.dll_EFF2C7AD00D158B3.mvfrm
[ 78/235    0s] MovedFromExtractor Library/Bee/artifacts/mvdfrm/UnityEngine.UnityConnectModule.dll_E0A613C6B8796727.mvfrm
[ 79/235    0s] MovedFromExtractor Library/Bee/artifacts/mvdfrm/UnityEngine.VFXModule.dll_8BD5143CE6C6D80A.mvfrm
[ 80/235    0s] MovedFromExtractor Library/Bee/artifacts/mvdfrm/UnityEngine.UnityConsentModule.dll_B24BAAF2C583FD77.mvfrm
[ 81/235    0s] MovedFromExtractor Library/Bee/artifacts/mvdfrm/UnityEngine.VectorGraphicsModule.dll_64BB123532ED3600.mvfrm
[ 82/235    0s] MovedFromExtractor Library/Bee/artifacts/mvdfrm/UnityEngine.UnityAnalyticsCommonModule.dll_47DE9D9B4F48240E.mvfrm
[ 83/235    0s] MovedFromExtractor Library/Bee/artifacts/mvdfrm/UnityEngine.UIModule.dll_EA0F1CCECC594C06.mvfrm
[ 84/235    0s] MovedFromExtractor Library/Bee/artifacts/mvdfrm/UnityEngine.TextRenderingModule.dll_80D55F9A91489D01.mvfrm
[ 85/235    0s] MovedFromExtractor Library/Bee/artifacts/mvdfrm/UnityEngine.UIElementsModule.dll_254D4BF49A6EE38D.mvfrm
[ 86/235    0s] MovedFromExtractor Library/Bee/artifacts/mvdfrm/UnityEngine.TLSModule.dll_0AF67BCE10596E9D.mvfrm
[ 87/235    0s] MovedFromExtractor Library/Bee/artifacts/mvdfrm/UnityEngine.SubsystemsModule.dll_210EEA8C9742A796.mvfrm
[ 88/235    0s] MovedFromExtractor Library/Bee/artifacts/mvdfrm/UnityEngine.SubstanceModule.dll_4E1628152B981C12.mvfrm
[ 89/235    0s] MovedFromExtractor Library/Bee/artifacts/mvdfrm/UnityEngine.TextCoreTextEngineModule.dll_A786679462E1C76D.mvfrm
[ 90/235    0s] MovedFromExtractor Library/Bee/artifacts/mvdfrm/UnityEngine.TextCoreFontEngineModule.dll_5F9E3122D35E0E4F.mvfrm
[ 91/235    0s] MovedFromExtractor Library/Bee/artifacts/mvdfrm/UnityEditor.PlayModeModule.dll_911D26BB795C3A2E.mvfrm
[ 92/235    0s] MovedFromExtractor Library/Bee/artifacts/mvdfrm/UnityEngine.SpriteMaskModule.dll_B661842AC8FABF83.mvfrm
[ 93/235    0s] MovedFromExtractor Library/Bee/artifacts/mvdfrm/UnityEngine.SpriteShapeModule.dll_F53AB7D82D2AEABE.mvfrm
[ 94/235    0s] MovedFromExtractor Library/Bee/artifacts/mvdfrm/UnityEngine.SharedInternalsModule.dll_29DAB08F5187FEA3.mvfrm
[ 95/235    0s] MovedFromExtractor Library/Bee/artifacts/mvdfrm/UnityEngine.ShaderVariantAnalyticsModule.dll_03DDCE2E74CD7A98.mvfrm
[ 96/235    0s] MovedFromExtractor Library/Bee/artifacts/mvdfrm/UnityEngine.RuntimeInitializeOnLoadManagerInitializerModule.dll_8531AA5917490524.mvfrm
[ 97/235    0s] MovedFromExtractor Library/Bee/artifacts/mvdfrm/UnityEngine.ShaderRuntimeModule.dll_6D6E5FFD166CFA95.mvfrm
[ 98/235    0s] MovedFromExtractor Library/Bee/artifacts/mvdfrm/UnityEngine.PhysicsBackendPhysXModule.dll_7DCE41654A073DAB.mvfrm
[ 99/235    0s] MovedFromExtractor Library/Bee/artifacts/mvdfrm/UnityEngine.PhysicsModule.dll_FFC803D6AA79C809.mvfrm
[100/235    0s] MovedFromExtractor Library/Bee/artifacts/mvdfrm/UnityEngine.PropertiesModule.dll_FA7050D91A768E45.mvfrm
[101/235    0s] WriteText Library/Bee/artifacts/1900b0aE.dag/UnityEngine.UI.dll.mvfrm.rsp
[102/235    0s] WriteText Library/Bee/artifacts/1900b0aE.dag/UnityEngine.UI.rsp
[103/235    0s] WriteText Library/Bee/artifacts/1900b0aE.dag/UnityEditor.UI.UnityAdditionalFile.txt
[104/235    0s] WriteText Library/Bee/artifacts/1900b0aE.dag/UnityEditor.UI.rsp2
[105/235    0s] MovedFromExtractor Library/Bee/artifacts/mvdfrm/UnityEngine.RenderAs2DModule.dll_3BA8135EF9D0D87C.mvfrm
[106/235    0s] MovedFromExtractor Library/Bee/artifacts/mvdfrm/UnityEngine.PerformanceReportingModule.dll_AC9FE057355F85B0.mvfrm
[107/235    0s] MovedFromExtractor Library/Bee/artifacts/mvdfrm/UnityEngine.MultiplayerModule.dll_5B81A70A3050402C.mvfrm
[108/235    0s] MovedFromExtractor Library/Bee/artifacts/mvdfrm/UnityEngine.LocalizationModule.dll_B12FCF2006F52C3B.mvfrm
[109/235    0s] MovedFromExtractor Library/Bee/artifacts/mvdfrm/UnityEngine.MarshallingModule.dll_844229125BB0E006.mvfrm
[110/235    0s] MovedFromExtractor Library/Bee/artifacts/mvdfrm/UnityEngine.InsightsModule.dll_E006C012E8DB51CD.mvfrm
[111/235    0s] MovedFromExtractor Library/Bee/artifacts/mvdfrm/UnityEngine.JSONSerializeModule.dll_3DAE400AC5A4F0AA.mvfrm
[112/235    0s] MovedFromExtractor Library/Bee/artifacts/mvdfrm/UnityEngine.InputLegacyModule.dll_6D1EA59C0F7A68A5.mvfrm
[113/235    0s] MovedFromExtractor Library/Bee/artifacts/mvdfrm/UnityEngine.InputModule.dll_B3E72C1C19A6CADC.mvfrm
[114/235    0s] MovedFromExtractor Library/Bee/artifacts/mvdfrm/UnityEditor.WindowsStandalone.Extensions.dll_A0C7F08C1DE5FF3A.mvfrm
[115/235    0s] MovedFromExtractor Library/Bee/artifacts/mvdfrm/UnityEngine.VRModule.dll_3CE143546E13D17E.mvfrm
[116/235    0s] MovedFromExtractor Library/Bee/artifacts/mvdfrm/UnityEngine.ScreenCaptureModule.dll_5795ED8FDA111D0C.mvfrm
[117/235    0s] MovedFromExtractor Library/Bee/artifacts/mvdfrm/UnityEditor.Graphs.dll_F691080439FE98F8.mvfrm
[118/235    0s] MovedFromExtractor Library/Bee/artifacts/mvdfrm/UnityEngine.AnimationModule.dll_BCD6267B90BD66C6.mvfrm
[119/235    0s] MovedFromExtractor Library/Bee/artifacts/mvdfrm/UnityEngine.XRModule.dll_6FA00658F74E1EDC.mvfrm
[120/235    0s] MovedFromExtractor Library/Bee/artifacts/mvdfrm/UnityEngine.UnityWebRequestWWWModule.dll_7248ACF052A183D9.mvfrm
[121/235    0s] MovedFromExtractor Library/Bee/artifacts/mvdfrm/UnityEngine.WindModule.dll_DFB85456EB143E5A.mvfrm
[122/235    0s] MovedFromExtractor Library/Bee/artifacts/mvdfrm/UnityEngine.VehiclesModule.dll_BE02F101D887D1E9.mvfrm
[123/235    0s] MovedFromExtractor Library/Bee/artifacts/mvdfrm/UnityEngine.VideoModule.dll_727AE8D66600C1DD.mvfrm
[124/235    0s] MovedFromExtractor Library/Bee/artifacts/mvdfrm/UnityEngine.UnityWebRequestModule.dll_B7687963E54E9DD2.mvfrm
[125/235    0s] MovedFromExtractor Library/Bee/artifacts/mvdfrm/UnityEngine.UnityWebRequestTextureModule.dll_4323B07DC9013F1D.mvfrm
[126/235    0s] MovedFromExtractor Library/Bee/artifacts/mvdfrm/UnityEngine.UnityWebRequestAudioModule.dll_249C3435BBCA5048.mvfrm
[127/235    0s] MovedFromExtractor Library/Bee/artifacts/mvdfrm/UnityEngine.UmbraModule.dll_C8461084309551AB.mvfrm
[128/235    0s] MovedFromExtractor Library/Bee/artifacts/mvdfrm/UnityEngine.UnityWebRequestAssetBundleModule.dll_8EA88A90900FC2C4.mvfrm
[129/235    0s] MovedFromExtractor-Combine Library/Bee/artifacts/1900b0aE.dag/UnityEngine.UI.dll.mvfrm
[130/235    0s] MovedFromExtractor Library/Bee/artifacts/mvdfrm/UnityEngine.UnityAnalyticsModule.dll_ED134CCA4D0E11B3.mvfrm
[131/235    0s] MovedFromExtractor Library/Bee/artifacts/mvdfrm/UnityEngine.TerrainPhysicsModule.dll_CDEE84D3BA29BA44.mvfrm
[132/235    0s] MovedFromExtractor Library/Bee/artifacts/mvdfrm/UnityEngine.TilemapModule.dll_B90AE6C697F4F200.mvfrm
[133/235    0s] MovedFromExtractor Library/Bee/artifacts/mvdfrm/UnityEngine.TerrainModule.dll_1A0E7F45803810F7.mvfrm
[134/235    0s] MovedFromExtractor Library/Bee/artifacts/mvdfrm/UnityEngine.ParticleSystemModule.dll_CD73DC00A0E6BFB7.mvfrm
[135/235    0s] MovedFromExtractor Library/Bee/artifacts/mvdfrm/UnityEngine.Physics2DModule.dll_097C166C31BA5E5B.mvfrm
[136/235    0s] WriteText Library/Bee/artifacts/1900b0aE.dag/UnityEditor.UI.dll.mvfrm.rsp
[137/235    0s] WriteText Library/Bee/artifacts/1900b0aE.dag/UnityEditor.UI.rsp
[138/235    0s] WriteText Library/Bee/artifacts/1900b0aE.dag/Unity.InternalAPIEngineBridge.004.UnityAdditionalFile.txt
[139/235    0s] WriteText Library/Bee/artifacts/1900b0aE.dag/Unity.InternalAPIEngineBridge.004.rsp2
[140/235    0s] WriteText Library/Bee/artifacts/1900b0aE.dag/Unity.InternalAPIEngineBridge.004.dll.mvfrm.rsp
[141/235    0s] WriteText Library/Bee/artifacts/1900b0aE.dag/Unity.InternalAPIEngineBridge.004.rsp
[142/235    0s] WriteText Library/Bee/artifacts/1900b0aE.dag/Unity.InputSystem.UnityAdditionalFile.txt
[143/235    0s] WriteText Library/Bee/artifacts/1900b0aE.dag/Unity.TextMeshPro.UnityAdditionalFile.txt
[144/235    0s] WriteText Library/Bee/artifacts/1900b0aE.dag/Unity.TextMeshPro.rsp2
[145/235    0s] WriteText Library/Bee/artifacts/1900b0aE.dag/Unity.InputSystem.rsp2
[146/235    0s] WriteText Library/Bee/artifacts/1900b0aE.dag/Unity.TextMeshPro.dll.mvfrm.rsp
[147/235    0s] WriteText Library/Bee/artifacts/1900b0aE.dag/Unity.InputSystem.dll.mvfrm.rsp
[148/235    0s] WriteText Library/Bee/artifacts/1900b0aE.dag/Unity.TextMeshPro.rsp
[149/235    0s] WriteText Library/Bee/artifacts/1900b0aE.dag/Unity.InputSystem.rsp
[150/235    0s] WriteText Library/Bee/artifacts/1900b0aE.dag/Unity.InputSystem.ForUI.rsp2
[151/235    0s] WriteText Library/Bee/artifacts/1900b0aE.dag/UnityEditor.UI.Analytics.rsp2
[152/235    0s] WriteText Library/Bee/artifacts/1900b0aE.dag/Unity.InputSystem.ForUI.UnityAdditionalFile.txt
[153/235    0s] WriteText Library/Bee/artifacts/1900b0aE.dag/UnityEditor.UI.Analytics.UnityAdditionalFile.txt
[154/235    0s] WriteText Library/Bee/artifacts/1900b0aE.dag/Unity.TextMeshPro.Editor.UnityAdditionalFile.txt
[155/235    0s] WriteText Library/Bee/artifacts/1900b0aE.dag/Unity.TextMeshPro.Editor.rsp2
[156/235    0s] WriteText Library/Bee/artifacts/1900b0aE.dag/Unity.TextMeshPro.Editor.dll.mvfrm.rsp
[157/235    0s] WriteText Library/Bee/artifacts/1900b0aE.dag/Unity.InputSystem.ForUI.dll.mvfrm.rsp
[158/235    0s] WriteText Library/Bee/artifacts/1900b0aE.dag/UnityEditor.UI.Analytics.dll.mvfrm.rsp
[159/235    0s] WriteText Library/Bee/artifacts/1900b0aE.dag/Unity.TextMeshPro.Editor.rsp
[160/235    0s] WriteText Library/Bee/artifacts/1900b0aE.dag/UnityEditor.UI.Analytics.rsp
[161/235    0s] WriteText Library/Bee/artifacts/1900b0aE.dag/Unity.InputSystem.ForUI.rsp
[162/235    0s] WriteText Library/Bee/artifacts/1900b0aE.dag/Assembly-CSharp.UnityAdditionalFile.txt
[163/235    0s] WriteText Library/Bee/artifacts/1900b0aE.dag/Assembly-CSharp.rsp2
[164/235    0s] WriteText Library/Bee/artifacts/1900b0aE.dag/Assembly-CSharp.dll.mvfrm.rsp
[165/235    0s] WriteText Library/Bee/artifacts/1900b0aE.dag/Assembly-CSharp.rsp
[166/235    0s] WriteText Library/Bee/artifacts/1900b0aE.dag/Unity.InputSystem.DocCodeSamples.dll.mvfrm.rsp
[167/235    0s] WriteText Library/Bee/artifacts/1900b0aE.dag/Assembly-CSharp-Editor.UnityAdditionalFile.txt
[168/235    0s] WriteText Library/Bee/artifacts/1900b0aE.dag/Unity.InputSystem.DocCodeSamples.rsp2
[169/235    0s] WriteText Library/Bee/artifacts/1900b0aE.dag/Unity.InputSystem.DocCodeSamples.UnityAdditionalFile.txt
[170/235    0s] WriteText Library/Bee/artifacts/1900b0aE.dag/Assembly-CSharp-Editor.dll.mvfrm.rsp
[171/235    0s] WriteText Library/Bee/artifacts/1900b0aE.dag/Assembly-CSharp-Editor.rsp2
[172/235    0s] WriteText Library/Bee/artifacts/1900b0aE.dag/Assembly-CSharp-Editor.rsp
[173/235    0s] WriteText Library/Bee/artifacts/1900b0aE.dag/Unity.InputSystem.DocCodeSamples.rsp
[174/235    0s] MovedFromExtractor Library/Bee/artifacts/mvdfrm/UnityEngine.NVIDIAModule.dll_E1A08320BEC6CC7D.mvfrm
[175/235    0s] MovedFromExtractor Library/Bee/artifacts/mvdfrm/UnityEngine.HierarchyModule.dll_91AAA21759BF82C7.mvfrm
[176/235    0s] MovedFromExtractor Library/Bee/artifacts/mvdfrm/UnityEngine.ClothModule.dll_B459C1667D8B851C.mvfrm
[177/235    0s] MovedFromExtractor Library/Bee/artifacts/mvdfrm/UnityEngine.DirectorModule.dll_463FF7825E5E024E.mvfrm
[178/235    0s] MovedFromExtractor Library/Bee/artifacts/mvdfrm/UnityEngine.AudioModule.dll_4D71646BA36EA638.mvfrm
[179/235    0s] MovedFromExtractor Library/Bee/artifacts/mvdfrm/UnityEngine.AssetBundleModule.dll_DBD98A7D7788B2B4.mvfrm
[179/235    0s] Csc Library/Bee/artifacts/1900b0aE.dag/UnityEngine.UI.dll (+2 others) [CacheHit 0d1cc9bab25c22eea559abf0a14b510000000000000000000000000000000005]
[180/235   1784040743s] Csc Library/Bee/artifacts/1900b0aE.dag/UnityEngine.UI.dll (+2 others)
[182/235    0s] CopyFiles Library/ScriptAssemblies/UnityEngine.UI.pdb
[183/235    0s] MovedFromExtractor Library/Bee/artifacts/mvdfrm/UnityEngine.AndroidJNIModule.dll_A2E7C77FE14A3918.mvfrm
[184/235    0s] MovedFromExtractor Library/Bee/artifacts/mvdfrm/UnityEngine.AccessibilityModule.dll_DD96B6CEC6699020.mvfrm
[185/235    0s] MovedFromExtractor Library/Bee/artifacts/mvdfrm/UnityEngine.AMDModule.dll_0C66B868E928F34A.mvfrm
[186/235    0s] MovedFromExtractor Library/Bee/artifacts/mvdfrm/UnityEngine.AIModule.dll_EE9B7EA17012465A.mvfrm
[187/235    0s] CopyFiles Library/ScriptAssemblies/UnityEngine.UI.dll
[188/235    0s] MovedFromExtractor Library/Bee/artifacts/mvdfrm/UnityEngine.UI.ref.dll_08FEAA520A2EFD60.mvfrm
[189/235    0s] MovedFromExtractor-Combine Library/Bee/artifacts/1900b0aE.dag/UnityEditor.UI.dll.mvfrm
[188/235    0s] Csc Library/Bee/artifacts/1900b0aE.dag/UnityEditor.UI.dll (+2 others) [CacheHit 0bb3dacc8c22a345d80fe5e1380630b600000000000000000000000000000005]
[190/235   1784040744s] Csc Library/Bee/artifacts/1900b0aE.dag/UnityEditor.UI.dll (+2 others)
[192/235    0s] CopyFiles Library/ScriptAssemblies/UnityEditor.UI.pdb
[193/235    0s] MovedFromExtractor Library/Bee/artifacts/mvdfrm/UnityEditor.UI.ref.dll_4C98D3F7040CD4F5.mvfrm
[194/235    0s] MovedFromExtractor-Combine Library/Bee/artifacts/1900b0aE.dag/Unity.InputSystem.dll.mvfrm
[195/235    0s] MovedFromExtractor-Combine Library/Bee/artifacts/1900b0aE.dag/Unity.InternalAPIEngineBridge.004.dll.mvfrm
[193/235    0s] Csc Library/Bee/artifacts/1900b0aE.dag/Unity.InternalAPIEngineBridge.004.dll (+2 others) [CacheHit c0c34d289b0642179cc5397e8b098a4b00000000000000000000000000000005]
[196/235   1784040744s] Csc Library/Bee/artifacts/1900b0aE.dag/Unity.InternalAPIEngineBridge.004.dll (+2 others)
[198/235    0s] CopyFiles Library/ScriptAssemblies/UnityEditor.UI.dll
[199/235    0s] CopyFiles Library/ScriptAssemblies/Unity.InternalAPIEngineBridge.004.dll
[200/235    0s] CopyFiles Library/ScriptAssemblies/Unity.InternalAPIEngineBridge.004.pdb
[197/235    0s] Csc Library/Bee/artifacts/1900b0aE.dag/Unity.InputSystem.dll (+2 others) [CacheHit 6ce23b7e3394da18d04ab1aa2e318aff00000000000000000000000000000005]
[201/235   1784040744s] Csc Library/Bee/artifacts/1900b0aE.dag/Unity.InputSystem.dll (+2 others)
[203/235    0s] CopyFiles Library/ScriptAssemblies/Unity.InputSystem.pdb
[204/235    0s] MovedFromExtractor Library/Bee/artifacts/mvdfrm/Unity.InternalAPIEngineBridge.004.ref.dll_9F91F1CFF2D20E26.mvfrm
[205/235    0s] MovedFromExtractor Library/Bee/artifacts/mvdfrm/Unity.InputSystem.ref.dll_FD2EC87C14EBE081.mvfrm
[206/235    0s] CopyFiles Library/ScriptAssemblies/Unity.InputSystem.dll
[207/235    0s] MovedFromExtractor-Combine Library/Bee/artifacts/1900b0aE.dag/Unity.TextMeshPro.dll.mvfrm
[203/235    0s] Csc Library/Bee/artifacts/1900b0aE.dag/Unity.TextMeshPro.dll (+2 others) [CacheHit e3537454683539928e735c1cb7425ba200000000000000000000000000000005]
[208/235   1784040745s] Csc Library/Bee/artifacts/1900b0aE.dag/Unity.TextMeshPro.dll (+2 others)
[210/235    0s] CopyFiles Library/ScriptAssemblies/Unity.TextMeshPro.pdb
[211/235    0s] MovedFromExtractor-Combine Library/Bee/artifacts/1900b0aE.dag/Unity.InputSystem.DocCodeSamples.dll.mvfrm
[212/235    0s] MovedFromExtractor-Combine Library/Bee/artifacts/1900b0aE.dag/Unity.InputSystem.ForUI.dll.mvfrm
[207/235    0s] Csc Library/Bee/artifacts/1900b0aE.dag/Unity.InputSystem.DocCodeSamples.dll (+2 others) [CacheHit e684fc6131e45fcb2cc18e27c1935eb700000000000000000000000000000005]
[213/235   1784040745s] Csc Library/Bee/artifacts/1900b0aE.dag/Unity.InputSystem.DocCodeSamples.dll (+2 others)
[215/235    0s] CopyFiles Library/ScriptAssemblies/Unity.InputSystem.DocCodeSamples.dll
[209/235    0s] Csc Library/Bee/artifacts/1900b0aE.dag/Unity.InputSystem.ForUI.dll (+2 others) [CacheHit f42bed25cdc062708e0d0169d33fe6eb00000000000000000000000000000005]
[216/235   1784040745s] Csc Library/Bee/artifacts/1900b0aE.dag/Unity.InputSystem.ForUI.dll (+2 others)
[218/235    0s] CopyFiles Library/ScriptAssemblies/Unity.InputSystem.DocCodeSamples.pdb
[219/235    0s] CopyFiles Library/ScriptAssemblies/Unity.InputSystem.ForUI.pdb
[220/235    0s] CopyFiles Library/ScriptAssemblies/Unity.TextMeshPro.dll
[221/235    0s] CopyFiles Library/ScriptAssemblies/Unity.InputSystem.ForUI.dll
[222/235    0s] MovedFromExtractor Library/Bee/artifacts/mvdfrm/Unity.TextMeshPro.ref.dll_84A4293DBDD182DB.mvfrm
[223/235    0s] MovedFromExtractor Library/Bee/artifacts/mvdfrm/Unity.InputSystem.ForUI.ref.dll_0478B67D1094CE70.mvfrm
[224/235    0s] MovedFromExtractor-Combine Library/Bee/artifacts/1900b0aE.dag/Unity.TextMeshPro.Editor.dll.mvfrm
[225/235    0s] MovedFromExtractor-Combine Library/Bee/artifacts/1900b0aE.dag/UnityEditor.UI.Analytics.dll.mvfrm
[218/235    0s] Csc Library/Bee/artifacts/1900b0aE.dag/Unity.TextMeshPro.Editor.dll (+2 others) [CacheHit 8cd36b6bdd044ee9fa346d10d044178600000000000000000000000000000005]
[226/235   1784040745s] Csc Library/Bee/artifacts/1900b0aE.dag/Unity.TextMeshPro.Editor.dll (+2 others)
[228/235    0s] CopyFiles Library/ScriptAssemblies/Unity.TextMeshPro.Editor.pdb
[220/235    0s] Csc Library/Bee/artifacts/1900b0aE.dag/UnityEditor.UI.Analytics.dll (+2 others) [CacheHit c4f1a47d2b81f95c76b29307390086c700000000000000000000000000000005]
[229/235   1784040745s] Csc Library/Bee/artifacts/1900b0aE.dag/UnityEditor.UI.Analytics.dll (+2 others)
[231/235    0s] CopyFiles Library/ScriptAssemblies/UnityEditor.UI.Analytics.pdb
[232/235    0s] CopyFiles Library/ScriptAssemblies/UnityEditor.UI.Analytics.dll
[233/235    0s] MovedFromExtractor Library/Bee/artifacts/mvdfrm/UnityEditor.UI.Analytics.ref.dll_3B64A5A3A726AD5D.mvfrm
[234/235    0s] MovedFromExtractor Library/Bee/artifacts/mvdfrm/Unity.TextMeshPro.Editor.ref.dll_159E061D77A10B86.mvfrm
[235/235    0s] MovedFromExtractor-Combine Library/Bee/artifacts/1900b0aE.dag/Assembly-CSharp.dll.mvfrm
[236/235    0s] MovedFromExtractor-Combine Library/Bee/artifacts/1900b0aE.dag/Assembly-CSharp-Editor.dll.mvfrm
[237/235    0s] CopyFiles Library/ScriptAssemblies/Unity.TextMeshPro.Editor.dll
[238/235    3s] Csc Library/Bee/artifacts/1900b0aE.dag/Assembly-CSharp.dll (+2 others)
[239/235    0s] CopyFiles Library/ScriptAssemblies/Assembly-CSharp.pdb
[240/235    0s] Csc Library/Bee/artifacts/1900b0aE.dag/Assembly-CSharp-Editor.dll (+2 others)
[241/235    0s] CopyFiles Library/ScriptAssemblies/Assembly-CSharp-Editor.pdb
[242/235    0s] CopyFiles Library/ScriptAssemblies/Assembly-CSharp-Editor.dll
[243/235    0s] CopyFiles Library/ScriptAssemblies/Assembly-CSharp.dll
*** Tundra build success (10.21 seconds), 225 items updated, 235 evaluated
AssetDatabase: script compilation time: 11.475566s
Begin MonoManager ReloadAssembly
- Loaded All Assemblies, in  2.742 seconds
Start importing Assets using Guid(00000000000000001000000000000000) (DefaultImporter) -> (artifact id: '4b55c7cb15071bfc086d0e52a7664a41') in 0.0191613 seconds
Start importing ProjectSettings/InputManager.asset using Guid(00000000000000002000000000000000) (LibraryAssetImporter) -> (artifact id: '3d278bdfa729973ecf92c670ca181c88') in 0.0022579 seconds
Start importing ProjectSettings/TagManager.asset using Guid(00000000000000003000000000000000) (LibraryAssetImporter) -> (artifact id: '4aa03ef27a83f311e598313a3ec2fbc3') in 0.0163886 seconds
Start importing ProjectSettings/ProjectSettings.asset using Guid(00000000000000004000000000000000) (LibraryAssetImporter) -> (artifact id: '63f7a523b2f7b141163a5aca2219cec1') in 0.002887 seconds
Start importing ProjectSettings/AudioManager.asset using Guid(00000000000000006000000000000000) (LibraryAssetImporter) -> (artifact id: '7bb8de31f311db17f0fefe3abfd595f1') in 0.0016164 seconds
Start importing ProjectSettings/TimeManager.asset using Guid(00000000000000007000000000000000) (LibraryAssetImporter) -> (artifact id: '52c307e924e96ceef905bcc2cea85a00') in 0.0015565 seconds
Start importing ProjectSettings/DynamicsManager.asset using Guid(00000000000000008000000000000000) (LibraryAssetImporter) -> (artifact id: '0e8be9c96597b88fc6bed8247175ee5d') in 0.0015007 seconds
Start importing ProjectSettings/QualitySettings.asset using Guid(00000000000000009000000000000000) (LibraryAssetImporter) -> (artifact id: '3d22d777d340243128ed3ffa349fb55a') in 0.001636 seconds
Start importing ProjectSettings/EditorBuildSettings.asset using Guid(0000000000000000b000000000000000) (LibraryAssetImporter) -> (artifact id: '1923232d45cb936aef47cec131f33975') in 0.0015001 seconds
Start importing ProjectSettings/EditorSettings.asset using Guid(0000000000000000c000000000000000) (LibraryAssetImporter) -> (artifact id: 'fdcca38f5f1944c9bec0b9f00395ab39') in 0.0016231 seconds
Start importing ProjectSettings/NavMeshAreas.asset using Guid(00000000000000004100000000000000) (LibraryAssetImporter) -> (artifact id: '4ba0a6bb5cc18b1619eb3b3f4ce570d1') in 0.001988 seconds
Start importing ProjectSettings/Physics2DSettings.asset using Guid(00000000000000005100000000000000) (LibraryAssetImporter) -> (artifact id: 'bb8ce7f5b2d944741959db20200075a7') in 0.0017797 seconds
Start importing ProjectSettings/GraphicsSettings.asset using Guid(00000000000000006100000000000000) (LibraryAssetImporter) -> (artifact id: 'b7a369a9c0780e3bb2635b3b3f88ffe1') in 0.0014857 seconds
Start importing ProjectSettings/ClusterInputManager.asset using Guid(00000000000000007100000000000000) (LibraryAssetImporter) -> (artifact id: '5a028a71a6163b7bc9a46219c48662ec') in 0.0014309 seconds
Start importing ProjectSettings/UnityConnectSettings.asset using Guid(0000000000000000a100000000000000) (LibraryAssetImporter) -> (artifact id: '88e7b5f5b318ebf2277f2eaf4a825180') in 0.0015838 seconds
Start importing ProjectSettings/PresetManager.asset using Guid(0000000000000000b100000000000000) (LibraryAssetImporter) -> (artifact id: '669bd2cb5cdf99ef516d1350fa42393e') in 0.0015322 seconds
Start importing ProjectSettings/VFXManager.asset using Guid(0000000000000000c100000000000000) (LibraryAssetImporter) -> (artifact id: 'dd6732d958402095937fd19a0cecb735') in 0.0015544 seconds
Start importing ProjectSettings/VersionControlSettings.asset using Guid(0000000000000000d100000000000000) (LibraryAssetImporter) -> (artifact id: 'b89f810c452b248c014f182ae5caa680') in 0.0014672 seconds
Start importing ProjectSettings/MemorySettings.asset using Guid(0000000000000000f100000000000000) (LibraryAssetImporter) -> (artifact id: '19f032dc933bd79e61da5c81f7ddd1ac') in 0.0016559 seconds
Start importing ProjectSettings/MultiplayerManager.asset using Guid(00000000000000000200000000000000) (LibraryAssetImporter) -> (artifact id: 'f060d13f2990d90fc35c577bb4111c66') in 0.0015371 seconds
Start importing Library/BuildInstructions using Guid(00000000000000002300000000000000) (DefaultImporter) -> (artifact id: 'ade3aeda13ad9960ede0e143cb33502a') in 0.0005452 seconds
Start importing Packages/com.unity.ugui using Guid(80c2b2a3c8d3cc8faea4dfdfd722eff7) (DefaultImporter) -> (artifact id: '5f5fb75aa8345825a26eb3f63894aa47') in 0.0004603 seconds
Start importing Packages/com.unity.modules.imgui using Guid(c060426bfd6e82575228df6656368eaa) (DefaultImporter) -> (artifact id: '7d484ab5933192f91b6a2fb9f7498a1e') in 0.0004333 seconds
Start importing Assets/Scripts using Guid(43191ccec43554a46b8f5a1b18e0dfe3) (DefaultImporter) -> (artifact id: '2ba8407891b6f0aaa8a33717c8ae21b2') in 0.0005486 seconds
Start importing Packages/com.unity.modules.vectorgraphics using Guid(04c6898809c37620ac863cc2a5d7c4d0) (DefaultImporter) -> (artifact id: '680f930692278d51ab0cb47a297e0ebc') in 0.0004162 seconds
Start importing Assets/Art using Guid(e4646a10c87c7164da45224920d5c267) (DefaultImporter) -> (artifact id: '647acc5ec4725bf2d7955bacb5403aaa') in 0.0005152 seconds
Start importing Packages/com.unity.modules.imageconversion using Guid(850c54ee0b9e1aa740b1c67792eb1f26) (DefaultImporter) -> (artifact id: '77f78b27bd9bac81a00a007ef6f28867') in 0.000421 seconds
Start importing Packages/com.unity.modules.subsystems using Guid(56b94a5b6990c879bb0f057719d1064b) (DefaultImporter) -> (artifact id: '04a7449add44c3b40bdab2ee56a390af') in 0.0004376 seconds
Start importing Packages/com.unity.modules.physics using Guid(d6db7caf2e852b75ebb9c6098418179c) (DefaultImporter) -> (artifact id: 'b562405fb5bd1c9305c356f8cfe7a672') in 0.0004283 seconds
Start importing Packages/com.unity.modules.uielements using Guid(2808ba6bccb2478ec9c7209d8bf1f3cc) (DefaultImporter) -> (artifact id: '49f971d306aab8cb20ddbc00ca94734a') in 0.000442 seconds
Start importing Assets/Data using Guid(d879b93ae8ffb6141b17d119eeea7092) (DefaultImporter) -> (artifact id: '7a8a79db2003b30a99925ca27f14d64a') in 0.0004964 seconds
Start importing Assets/Resources using Guid(2957312a6c4d43a9977d238bdcd3afc6) (DefaultImporter) -> (artifact id: 'e83e18660afa60c06690c0197d396a9a') in 0.0004912 seconds
Start importing Packages/com.unity.modules.ui using Guid(39728903e57c60021f80449a8bbc0096) (DefaultImporter) -> (artifact id: '9ba448b29b75a8a1f5c4c31201266424') in 0.0004645 seconds
Start importing Packages/com.unity.modules.adaptiveperformance using Guid(b975297a992381c1f3257d0e96892c8a) (DefaultImporter) -> (artifact id: '1e6f2dc93c835ec2b681bcb9564bfccc') in 0.0004617 seconds
Start importing Assets/Editor using Guid(daf5aaf528452db4f9623702480ebd84) (DefaultImporter) -> (artifact id: '3d2ac765a90837979dd0b164fe0738cd') in 0.0005288 seconds
Start importing Packages/com.unity.modules.hierarchycore using Guid(6b81377a4453ba7362eb3322f9bcc6c6) (DefaultImporter) -> (artifact id: 'b5ba94375de312bec58cfc03230046fb') in 0.0004856 seconds
Start importing Assets/Prefabs using Guid(eb06e4440edeb7d48a8bb53c86629419) (DefaultImporter) -> (artifact id: '09d8142cc704bd0a6a53f6bf69bb5117') in 0.0005103 seconds
Start importing Assets/VFX using Guid(3c9f7ba8ea8c5a54d85dadee99174876) (DefaultImporter) -> (artifact id: '03609e74f7ac257c1867f3eda1a8f495') in 0.0005546 seconds
Start importing Assets/_Recovery using Guid(4c425962daf484142949efc63260c3a1) (DefaultImporter) -> (artifact id: 'f2c168d5488d07231314c04a8300f96f') in 0.000527 seconds
Start importing Packages/com.unity.inputsystem using Guid(4c9a23c33e22e1a2587ad118f59feff3) (DefaultImporter) -> (artifact id: 'e9bc69a75647d18e5f72e78a39a93693') in 0.0004455 seconds
Start importing Packages/com.unity.modules.jsonserialize using Guid(fc3a810351931f5e6183e16b9beb5563) (DefaultImporter) -> (artifact id: 'ae149b8f46567b37c6b77b16bb572fe8') in 0.0004845 seconds
Start importing Assets/Scenes using Guid(deb8884cc41456642a815ca4e4a1fa2c) (DefaultImporter) -> (artifact id: '34215eeb6ee951528841bbd678009ea2') in 0.0005313 seconds
Start importing Assets/Audio using Guid(ffb8095af2896a54bb49496d324c92a9) (DefaultImporter) -> (artifact id: 'bfba1a5cd3aeb9a9461b3349567cbda5') in 0.0005542 seconds
Start importing Assets/Scripts/Battle using Guid(b0361b32515eebd469358e63a6712573) (DefaultImporter) -> (artifact id: '7d3d76c6b06289686be902d20bb052e2') in 0.0005422 seconds
Start importing Packages/com.unity.inputsystem/DocCodeSamples.Tests using Guid(c0f26b555bfc14351a9f8ec342fd6ae8) (DefaultImporter) -> (artifact id: '108896428b26b8f66f9e2e884369a98b') in 0.0006169 seconds
Start importing Assets/Scripts/Common using Guid(e0b9afc4d1ad4f53a6d312ce4e9fd9a1) (DefaultImporter) -> (artifact id: 'a4b19f5471f40992f0c92489b51345bb') in 0.0005218 seconds
Start importing Assets/Art/Boss using Guid(115e3e42b539f4549943686420e2bffb) (DefaultImporter) -> (artifact id: '0705018bcbe256e5316dc16acdcba5a5') in 0.0005167 seconds
Start importing Packages/com.unity.ugui/Editor Resources using Guid(d1a0a27327b54c3bac52a08929c33f81) (DefaultImporter) -> (artifact id: '89d4bdf381a63d2d738dcc151e624513') in 0.0005521 seconds
Start importing Packages/com.unity.inputsystem/Tests using Guid(f1c1e9b3951e340e48a3d2c037d6f48b) (DefaultImporter) -> (artifact id: '3ea7d62947e148c46603b1d107d03712') in 0.0005369 seconds
Start importing Assets/Scripts/Systems using Guid(84b885719a858d04dad46ca918e5b102) (DefaultImporter) -> (artifact id: '84c8049540c392b602e92f2d03456e6b') in 0.0005228 seconds
Start importing Assets/Art/VFX using Guid(459237475567ad3468bfdabc7e1b8be9) (DefaultImporter) -> (artifact id: '874d4d70653ad71cc9abe1c71c3474a8') in 0.0005155 seconds
Start importing Assets/Scripts/Combatants using Guid(97931fecda7b7064599566e7cfa4abfd) (DefaultImporter) -> (artifact id: 'fb5e2c9df49178e07f1abfddfd30b816') in 0.0005348 seconds
Start importing Assets/Data/CSV using Guid(97abed3310047f248934e136e98cbea6) (DefaultImporter) -> (artifact id: '3e32a610cf9b61ded91e825ef4f0e11b') in 0.0005203 seconds
Start importing Assets/Data/JSON using Guid(88b3ca0841f8dad428e00179cca92e2b) (DefaultImporter) -> (artifact id: 'e7a7f191892e55d634d0f8f558b676fc') in 0.0005382 seconds
Start importing Packages/com.unity.ugui/Tests using Guid(d850db319a63d2546932ff76fe55a498) (DefaultImporter) -> (artifact id: '87ed2bbc25b91c58b304abd09ed3aaba') in 0.0005697 seconds
Start importing Assets/Scripts/Rewards using Guid(199f7664e0c5c5a478ad678a6163feb4) (DefaultImporter) -> (artifact id: '95089ed6f8092935b79983716638a907') in 0.0005523 seconds
Start importing Packages/com.unity.ugui/Runtime using Guid(aa14b70e6a58c5b4fa6663623e3dca91) (DefaultImporter) -> (artifact id: 'fa7aa1d533b272bf79afdbd5404453cd') in 0.0005426 seconds
Start importing Assets/Scripts/Cards using Guid(5b4ab39018cbebf4aa46bddc7690164a) (DefaultImporter) -> (artifact id: 'e66b4b935025ab5f112499668049af91') in 0.0005488 seconds
Start importing Packages/com.unity.inputsystem/InputSystem using Guid(7be622e2320c433e83fcfd2dbb7bd468) (DefaultImporter) -> (artifact id: '9d8a939a01d340a6bfc51960567658cf') in 0.0005561 seconds
Start importing Assets/Scripts/Map using Guid(2cb099ed1f5a0b04393ec66813e94813) (DefaultImporter) -> (artifact id: '17d2c200348904a797cd8e26ede66beb') in 0.0005455 seconds
Start importing Assets/Art/Scenes using Guid(fceeb1cb480d2e14db09758f518bb005) (DefaultImporter) -> (artifact id: '68dcfd16ea39ddc6bb29777cd5d74305') in 0.0005357 seconds
Start importing Assets/Art/Characters using Guid(fda0fb178ad4c61479fa5fc67fb4403f) (DefaultImporter) -> (artifact id: '59cbcb9e75eb59f07ef0e389b84a44d5') in 0.0005311 seconds
Start importing Packages/com.unity.ugui/Package Resources using Guid(5ec95f4d5b2d1f14e9ff8682562553f9) (DefaultImporter) -> (artifact id: '20161e53e484de6465e75d382f9dbde6') in 0.0005644 seconds
Start importing Assets/Art/UI using Guid(8e53c824a90cb234a96a2b03de5ea355) (DefaultImporter) -> (artifact id: '7e577ecefd657515177c715902308e27') in 0.0005459 seconds
Start importing Assets/Scripts/UI using Guid(be4362d6eba87fa43879923dfb1a5cea) (DefaultImporter) -> (artifact id: '4f084f243b528e3959c84576b3fbd4ee') in 0.0005441 seconds
Start importing Packages/com.unity.ugui/Editor using Guid(bee384ad5b4d1a843a018082e7db53cd) (DefaultImporter) -> (artifact id: 'cc2ff2381a5068f9e19e880ea4d9c9b1') in 0.0005514 seconds
Start importing Assets/Resources/Art using Guid(4f625454fd57488cb475c1a64f65079a) (DefaultImporter) -> (artifact id: 'c62a87dcb52f4b498d882c47edb11317') in 0.0005273 seconds
Start importing Packages/com.unity.ugui/Editor/TMP using Guid(10d1425d9e87841d9a9deafe9e93a6f2) (DefaultImporter) -> (artifact id: 'b78a297ad64c4d78728ae683af3e5658') in 0.0005568 seconds
Start importing Packages/com.unity.inputsystem/InputSystem/Actions using Guid(2069418e852748dbaa154cf71b8f033a) (DefaultImporter) -> (artifact id: '167be0b6519189d25732f15cdb3467aa') in 0.0005682 seconds
Start importing Assets/Resources/Art/UI using Guid(11cd9035dcf21ad4ca2649db283e36fe) (DefaultImporter) -> (artifact id: '0d51d511d764627d64d1d0b2fed278ae') in 0.0005659 seconds
Start importing Assets/Resources/Art/Boss using Guid(4106e0ea2526404baace2038cb889523) (DefaultImporter) -> (artifact id: '87070d0ec364d4c529eeeeaedf5e8f5f') in 0.0005779 seconds
Start importing Packages/com.unity.inputsystem/InputSystem/Utilities using Guid(51e828593aae48cdbee6e9ae0ec20e5d) (DefaultImporter) -> (artifact id: 'f31e1e53ce06547450c33c7f75b46ae8') in 0.0005867 seconds
Start importing Packages/com.unity.ugui/Runtime/TMP using Guid(619aadd8f276341ca84d7ad5a9c6db21) (DefaultImporter) -> (artifact id: '5308cedcd74d43682790fc7238a9d1e2') in 0.0005764 seconds
Start importing Packages/com.unity.ugui/Tests/Editor using Guid(936bea4b2545c4a4fad2e623b0f6371f) (DefaultImporter) -> (artifact id: '75f26d3f4c8aedba3eb80398ab395bd8') in 0.0005816 seconds
Start importing Packages/com.unity.inputsystem/Tests/TestFixture using Guid(e349610bc4b1546dd94c6dab37414d2b) (DefaultImporter) -> (artifact id: 'a460582bae2687b0603f24734715cfc5') in 0.0006006 seconds
Start importing Assets/Resources/Art/Characters using Guid(45250982478eaf1479ffe7749c74a33f) (DefaultImporter) -> (artifact id: '892000145007d81838a0a0621dcd5116') in 0.0005498 seconds
Start importing Packages/com.unity.inputsystem/Tests/IntegrationTests using Guid(857f018a2ed885449804cf82b4fec116) (DefaultImporter) -> (artifact id: '487a34d5fd52cd00f4c4f82fbed92400') in 0.0005624 seconds
Start importing Packages/com.unity.ugui/Tests/Runtime using Guid(c545241cf2e56ec4997d7677f01ef43d) (DefaultImporter) -> (artifact id: '88e2b3e1f7bbb56cb1f91f83f053765b') in 0.0005578 seconds
Start importing Packages/com.unity.ugui/Editor/Analytics using Guid(c52726d811a9f66459355df6b0c3977b) (DefaultImporter) -> (artifact id: '4154f772d9b7cf6fccdb594f4e326893') in 0.0006292 seconds
Start importing Packages/com.unity.inputsystem/InputSystem/State using Guid(a6724a4cbf5d47a2b01ca5fe41036ddd) (DefaultImporter) -> (artifact id: '44364b26e405538b32f96652578d241d') in 0.0005801 seconds
Start importing Packages/com.unity.ugui/Editor/UGUI using Guid(278b6073a5bdd4362acd72ca43ff9e0d) (DefaultImporter) -> (artifact id: 'abf9fbf9f7c10d2af702b2e8085d3ed6') in 0.0005399 seconds
Start importing Packages/com.unity.ugui/Runtime/UGUI using Guid(1817d28a5343b4ec19b4ec7903730e2c) (DefaultImporter) -> (artifact id: 'd27c003f26a5bcc4ae0be188e216ff3a') in 0.0005628 seconds
Start importing Packages/com.unity.ugui/Editor Resources/Textures using Guid(f8e6a2d47aba4c6c9b3c5a72d9f48da5) (DefaultImporter) -> (artifact id: '41714146c3f223570fca541b52f7c091') in 0.0005525 seconds
Start importing Assets/Resources/Art/Scenes using Guid(79fec94da45744d592b431096cfbe293) (DefaultImporter) -> (artifact id: '7668985a860f8e7dc98d67a873aad3e8') in 0.0005483 seconds
Start importing Packages/com.unity.inputsystem/InputSystem/Events using Guid(99f4ddb4a8fa4fcfa25917e64bcc6e8c) (DefaultImporter) -> (artifact id: '410c21660553cd05c76de82894883e1d') in 0.0005641 seconds
Start importing Packages/com.unity.ugui/Editor Resources/Gizmos using Guid(e93ec7eb6de342aabd156833e253f838) (DefaultImporter) -> (artifact id: 'e3065312f331f86c187a2c34400b2ab5') in 0.0005772 seconds
Start importing Packages/com.unity.inputsystem/InputSystem/Controls using Guid(aa1e768bf3ad4ae8898571a206251472) (DefaultImporter) -> (artifact id: '0f53e935ed35eb7651871b046d255875') in 0.0005757 seconds
Start importing Packages/com.unity.ugui/Runtime/InternalBridge using Guid(bab3a29ab4f214742a44add41efffb7d) (DefaultImporter) -> (artifact id: 'b8ae5a4142d7b3ff7433a144e13442a5') in 0.0005832 seconds
Start importing Packages/com.unity.inputsystem/InputSystem/Devices using Guid(abbbcd5cf6184b818eaa56c5778a4110) (DefaultImporter) -> (artifact id: '63f82fea0cb527f2577a6f71f9bd3600') in 0.0005705 seconds
Start importing Packages/com.unity.inputsystem/InputSystem/Plugins using Guid(bcb3dcdfe51084a038a04105cfbc70aa) (DefaultImporter) -> (artifact id: '2e4fff624270ca30926f8bf272ac9a95') in 0.0006356 seconds
Start importing Packages/com.unity.ugui/Editor Resources/Shaders using Guid(2da27f5fe80a3a549ac7331d9f52f5f0) (DefaultImporter) -> (artifact id: '8ba95b6473bead211c52ddc79ac818a9') in 0.0005802 seconds
Start importing Assets/Resources/Art/VFX using Guid(9efff0dc5658c644981bea285061ccb7) (DefaultImporter) -> (artifact id: '6e46e17c5f2fa2c74898f74eb5ba5e90') in 0.0005827 seconds
Start importing Packages/com.unity.inputsystem/InputSystem/Editor using Guid(ee6ce8b9ba0db4146b0b12d5985933bf) (DefaultImporter) -> (artifact id: 'a112b1728da4e90faa8d8e6dd7e5332f') in 0.0005863 seconds
Start importing Packages/com.unity.inputsystem/InputSystem/Editor/ControlPicker using Guid(b01eed8192c9f442b820a7af87ac73f8) (DefaultImporter) -> (artifact id: '30e818eba469def1b0b9900b9523c27c') in 0.0005992 seconds
Start importing Packages/com.unity.ugui/Tests/Runtime/TMP using Guid(914613548ded44a43a59eb9852503f18) (DefaultImporter) -> (artifact id: '477b4938addb883f7857c7245a542f61') in 0.0005718 seconds
Start importing Packages/com.unity.inputsystem/InputSystem/Plugins/Users using Guid(b102955bf08484d24b9122abab95b9fc) (DefaultImporter) -> (artifact id: '62900c29e85aa8bd6149d30f634f92b3') in 0.0006219 seconds
Start importing Packages/com.unity.inputsystem/InputSystem/Editor/Settings using Guid(c189b798c1d4842fcb189cf619033d39) (DefaultImporter) -> (artifact id: '515feb66cf51621e4b25ea82ba1fe071') in 0.0005665 seconds
Start importing Packages/com.unity.ugui/Runtime/UGUI/Properties using Guid(32e2186f4598cff489784aae586f2215) (DefaultImporter) -> (artifact id: 'd945312145ac0c9dd7a3598fc5b82f23') in 0.0005892 seconds
Start importing Packages/com.unity.inputsystem/InputSystem/Editor/PropertyDrawers using Guid(726294051bc6c426e886d72ea4702f21) (DefaultImporter) -> (artifact id: '151856e78c055b71f565b57ee7ebc996') in 0.0008206 seconds
Start importing Packages/com.unity.inputsystem/InputSystem/Plugins/Switch using Guid(a27b7d2db78661c429e29911c09f8f4c) (DefaultImporter) -> (artifact id: '4291c0fea405671f6bf720ae7d62cbbd') in 0.0006301 seconds
Start importing Packages/com.unity.inputsystem/InputSystem/Devices/Haptics using Guid(e286fc65ad3d4645b213e71b11e963e4) (DefaultImporter) -> (artifact id: '1e906103bfe75dfdec8e60b4277c2d4a') in 0.0006043 seconds
Start importing Packages/com.unity.ugui/Tests/Runtime/UGUI using Guid(53caebc5909234b4ebe1fcaf3dc913a5) (DefaultImporter) -> (artifact id: '6cea7121aaed435492ec2cc2e4bf06a4') in 0.0006097 seconds
Start importing Packages/com.unity.inputsystem/InputSystem/Editor/Internal using Guid(8377f8bca2884d3ba3dd053d9b5d06f7) (DefaultImporter) -> (artifact id: 'bd450b8d35f574eb1669278e1ae71f05') in 0.0006222 seconds
Start importing Packages/com.unity.inputsystem/InputSystem/Plugins/Steam using Guid(a3e712d7ab2114ca4960246b0d5e6215) (DefaultImporter) -> (artifact id: '4245f6ac265fd648bef2d26dcef0eb00') in 0.0005684 seconds
Start importing Packages/com.unity.inputsystem/InputSystem/Devices/Remote using Guid(b3be39d9a3c9496a9a619d6dc185f5f3) (DefaultImporter) -> (artifact id: '98df1ffc957e8cfdea496cfb365f08af') in 0.0005722 seconds
Start importing Packages/com.unity.ugui/Runtime/UGUI/UI using Guid(742654cad2425334696ba6ed4495cfef) (DefaultImporter) -> (artifact id: 'd1046547fc52369f9a3a8f6b662ded51') in 0.0006019 seconds
Start importing Packages/com.unity.inputsystem/InputSystem/Devices/Commands using Guid(84ba8e63f115487ca072084bbebf0e55) (DefaultImporter) -> (artifact id: 'f07b113e01bd786eb3877d7a3e54e980') in 0.0005952 seconds
Start importing Packages/com.unity.inputsystem/InputSystem/Editor/ProjectWideActions using Guid(949d73ae1e0166c469c8706d4d7a21c7) (DefaultImporter) -> (artifact id: '53693059d700c14fed68385f57810496') in 0.0005682 seconds
Start importing Packages/com.unity.inputsystem/InputSystem/Plugins/WebGL using Guid(d4077c3b095df48b798c97c694ffd684) (DefaultImporter) -> (artifact id: '4bb20e019f436a4c5978cb315a438c41') in 0.000559 seconds
Start importing Packages/com.unity.ugui/Editor/UGUI/UI using Guid(853edc343b78a7c4c81cbb3851d48c0a) (DefaultImporter) -> (artifact id: '773a517afa854ab194e9e6794bc9a1cf') in 0.0005709 seconds
Start importing Packages/com.unity.inputsystem/InputSystem/Editor/AssetEditor using Guid(a5c84a68c16874bd5ba1a9d15a5e5044) (DefaultImporter) -> (artifact id: '51f6329545320ce62a7af1fc311baefa') in 0.0005808 seconds
Start importing Packages/com.unity.inputsystem/InputSystem/Plugins/Android using Guid(e5769f689f15dce4a9f92aff27659c54) (DefaultImporter) -> (artifact id: '1882dbaf36accbc4ef3817afe6c3a6b2') in 0.0005713 seconds
Start importing Packages/com.unity.ugui/Editor/UGUI/EventSystem using Guid(f525580684527b147b70cf94aaa70dbc) (DefaultImporter) -> (artifact id: '35f8d6adc1fe92d630cb18996309700e') in 0.0005696 seconds
Start importing Packages/com.unity.inputsystem/InputSystem/Editor/Debugger using Guid(461c380dccba54a569c07d9810dd3b32) (DefaultImporter) -> (artifact id: 'da89f0ad8f21a6a87a6a6692ffa6b299') in 0.0006219 seconds
Start importing Packages/com.unity.inputsystem/InputSystem/Devices/Precompiled using Guid(6600059bab4cd4a4ab586e5bb07df47b) (DefaultImporter) -> (artifact id: 'a5b5175474d7faf6114b3b2f92c63972') in 0.000584 seconds
Start importing Packages/com.unity.inputsystem/InputSystem/Plugins/InputForUI using Guid(96500a17645c67442a0ccdca007e6d28) (DefaultImporter) -> (artifact id: '50565058fe2fe0c54cf013821d1f8019') in 0.0005936 seconds
Start importing Packages/com.unity.inputsystem/InputSystem/Plugins/XInput using Guid(674bcb49f4019404bb8bfd43a597785a) (DefaultImporter) -> (artifact id: 'c0d5d05351409abd57330406f69046a4') in 0.0005774 seconds
Start importing Packages/com.unity.ugui/Editor/Analytics/IAnalytic using Guid(77417b0f4cf6d334f916c64448d24133) (DefaultImporter) -> (artifact id: 'a22d0db8c8eb6d464d1b5bd50a6655ab') in 0.0006233 seconds
Start importing Packages/com.unity.inputsystem/InputSystem/Plugins/HID using Guid(a71161af1440e4b1fbbefefb3aaffce0) (DefaultImporter) -> (artifact id: 'cc150985718e30b27fed7bfd69447ed7') in 0.0005766 seconds
Start importing Packages/com.unity.inputsystem/InputSystem/Editor/Analytics using Guid(d7fcb545eb7743c8bd27f341b51151dc) (DefaultImporter) -> (artifact id: 'f23c902ef03765eb809917649b02da6b') in 0.0005873 seconds
Start importing Packages/com.unity.inputsystem/InputSystem/Plugins/XR using Guid(097288e93d94f44438e9ef4dc93f7346) (DefaultImporter) -> (artifact id: '65d8e3491c4546b69a124702dbede89a') in 0.0005407 seconds
Start importing Packages/com.unity.inputsystem/InputSystem/Plugins/UI using Guid(69dd334ee54c747c38b3317d02c3967a) (DefaultImporter) -> (artifact id: '1fd450bb232d5b95bbe26023d11838df') in 0.0005795 seconds
Start importing Packages/com.unity.inputsystem/InputSystem/Actions/Interactions using Guid(b90e4423894dce34f83bb15a3ba411ba) (DefaultImporter) -> (artifact id: '1a682d568fa434ab30a8210e73fe1d5d') in 0.0005527 seconds
Start importing Packages/com.unity.inputsystem/InputSystem/Actions/Composites using Guid(6adbf65a53ff9b04990c2116b3e4d5b7) (DefaultImporter) -> (artifact id: '731fcbb1800e0536eab648102951f6d9') in 0.0005575 seconds
Start importing Packages/com.unity.inputsystem/InputSystem/Plugins/OSX using Guid(ea65eddf43398654fa32b724723c71a4) (DefaultImporter) -> (artifact id: '571838c1903d4b738a6af60b1970370c') in 0.000558 seconds
Start importing Packages/com.unity.ugui/Editor/TMP/PropertyDrawers using Guid(ea7c31b5b377c314db28ad3fabbbd38d) (DefaultImporter) -> (artifact id: 'ebc92ba84e6406c25f912a00cf612866') in 0.0005564 seconds
Start importing Packages/com.unity.ugui/Tests/Editor/UGUI using Guid(fae3ac1997e164d1eba5fa5c417cbefd) (DefaultImporter) -> (artifact id: 'a65f00dcb82f453aab04a0f34c97e4e8') in 0.000607 seconds
Start importing Packages/com.unity.inputsystem/InputSystem/Editor/UITKAssetEditor using Guid(bb0e7cd0be171ca4ca67132e36b7ccb5) (DefaultImporter) -> (artifact id: '78ba98fe5f1f37de20ccd2d6f868901a') in 0.0006049 seconds
Start importing Packages/com.unity.inputsystem/InputSystem/Editor/BuildPipeline using Guid(cb6feb90190641c19dce92f09614edd4) (DefaultImporter) -> (artifact id: '0cb518eb91ef28465cfc9e4a86b288b9') in 0.000597 seconds
Start importing Packages/com.unity.inputsystem/InputSystem/Plugins/Linux using Guid(1c597fa0f94a3d54b9c0e85f56e5f821) (DefaultImporter) -> (artifact id: '2d53eac51644e1315e2c4fc2db1dc5f3') in 0.000534 seconds
Start importing Packages/com.unity.inputsystem/InputSystem/Plugins/PlayerInput using Guid(1cccd07fcea7f491793d4e7a5adc17a2) (DefaultImporter) -> (artifact id: '6a77b4bcfd42614becfa57d256d7fd46') in 0.0005052 seconds
Start importing Packages/com.unity.ugui/Tests/Editor/TMP using Guid(3ddaad49a7bcb4087b403f2225d54840) (DefaultImporter) -> (artifact id: 'dc3536d35fb2a75d225a6a19a3e6094d') in 0.0005575 seconds
Start importing Packages/com.unity.inputsystem/InputSystem/Editor/Icons using Guid(4dc89088b67654c86810b41295276666) (DefaultImporter) -> (artifact id: 'afde898341aa5796bf4c74f6bd521417') in 0.0005253 seconds
Start importing Packages/com.unity.inputsystem/InputSystem/Editor/AssetImporter using Guid(9d7486ba41233414a9ed80716a544026) (DefaultImporter) -> (artifact id: '1275d9cb4dc87f0842d6a153168efa81') in 0.0005471 seconds
Start importing Packages/com.unity.inputsystem/InputSystem/Editor/DeviceSimulator using Guid(bd293de081caa442dae1595e4c7a6773) (DefaultImporter) -> (artifact id: '821d985727ccb4a0006f1b798e08f98a') in 0.0005346 seconds
Start importing Packages/com.unity.inputsystem/InputSystem/Plugins/iOS using Guid(cdf0d8abf71784dacb0470320cd8936f) (DefaultImporter) -> (artifact id: '62678bcc85f3723e7a71d36d244f53a2') in 0.0005267 seconds
Start importing Packages/com.unity.inputsystem/InputSystem/Plugins/OnScreen using Guid(0e49b0a8b53e45445979b3fa9604a35c) (DefaultImporter) -> (artifact id: '7ea8412743dcf4709bd89ebf770cfafd') in 0.0005233 seconds
Start importing Packages/com.unity.inputsystem/InputSystem/Plugins/DualShock using Guid(6eefa91e7a89647338245ee3818141d1) (DefaultImporter) -> (artifact id: 'c18ff5c4c2c9c2feecd06007584fcf6c') in 0.0005273 seconds
Start importing Packages/com.unity.ugui/Editor/TMP/HDRP using Guid(eecc124dc0b994047aac97ccf8c8ed0a) (DefaultImporter) -> (artifact id: '5b5397f7d63b0f449a7a5706eccb0297') in 0.0005194 seconds
Start importing Packages/com.unity.inputsystem/InputSystem/Controls/Processors using Guid(6fde91b0a4ee45cd86be18a8d829dc87) (DefaultImporter) -> (artifact id: '3f311468dd0b50c47976904a5af4a4b0') in 0.0005619 seconds
Start importing Packages/com.unity.ugui/Runtime/UGUI/EventSystem using Guid(7f27709c942d91541be1fd6aa5cb3d78) (DefaultImporter) -> (artifact id: 'f0d60c8b7f149f215e5d223617964474') in 0.0005315 seconds
Start importing Packages/com.unity.inputsystem/InputSystem/Utilities/Observables using Guid(9f8944bd1ba848ab8f95afe7acfb4b79) (DefaultImporter) -> (artifact id: '4b45e311302f219ff3f4e6ba9c8015a5') in 0.0005482 seconds
Start importing Packages/com.unity.ugui/Editor/UGUI/Properties using Guid(cf97e54bcd5479a46bdbade48da047cc) (DefaultImporter) -> (artifact id: 'bcc5e4cf73302b79631566aee946fa3b') in 0.0005336 seconds
Start importing Packages/com.unity.inputsystem/InputSystem/Plugins/UnityRemote using Guid(cf0897af2cae4ebbaf8b79eaae98fb08) (DefaultImporter) -> (artifact id: 'dfd6c1a5d2929e358551e02c27b86f01') in 0.0005377 seconds
Start importing Packages/com.unity.inputsystem/InputSystem/Plugins/EnhancedTouch using Guid(ef4b66ea93dd243a783c32ab1da39fc4) (DefaultImporter) -> (artifact id: '8c0744b36938aa8a5335b8ec17709615') in 0.0005615 seconds
Start importing Packages/com.unity.ugui/Tests/Runtime/UGUI/Image using Guid(1091bc2ad06e3234aac2b2fa2841c09d) (DefaultImporter) -> (artifact id: '94034d6d07fdc201b83d5943f5af1dca') in 0.0005475 seconds
Start importing Packages/com.unity.ugui/Tests/Editor/UGUI/RectMask2D using Guid(305ca32be1aa5504aa182f583895dfe4) (DefaultImporter) -> (artifact id: '5feb8431e6a2647400681c0df4eb4982') in 0.0005805 seconds
Start importing Packages/com.unity.ugui/Tests/Editor/UGUI/InputField using Guid(c16c54fe03afb5740bcc0a2a295cb79d) (DefaultImporter) -> (artifact id: 'f2549288d5f830259850c3bed852b8b1') in 0.0005621 seconds
Start importing Packages/com.unity.ugui/Runtime/UGUI/UI/Core using Guid(12c42068351bb084abde965d725b9887) (DefaultImporter) -> (artifact id: 'cacc7f0504c10a89d30473ce3cb13775') in 0.0005537 seconds
Start importing Packages/com.unity.ugui/Tests/Runtime/UGUI/Toggle using Guid(e210c8bf2e9c6514d90a1bd77586af1f) (DefaultImporter) -> (artifact id: 'dbc3a78b1232d980c5eec42316701d59') in 0.0005593 seconds
Start importing Packages/com.unity.ugui/Tests/Runtime/UGUI/Button using Guid(239dd6edc8e5cd14585c03e09e86a747) (DefaultImporter) -> (artifact id: 'ac27d701a2faade0a9eb1621f0aeec9d') in 0.000573 seconds
Start importing Packages/com.unity.ugui/Tests/Runtime/UGUI/ScrollBar using Guid(43b1467da3d29ae4597a733828cdd84a) (DefaultImporter) -> (artifact id: '9d24d5339ee40185803e2696afc4766b') in 0.0005511 seconds
Start importing Packages/com.unity.ugui/Tests/Runtime/UGUI/Graphic using Guid(8313ea704470a264295ec9e09aec6ebc) (DefaultImporter) -> (artifact id: '08e82deac7b1e19a2c784e9398edc209') in 0.0005946 seconds
Start importing Packages/com.unity.ugui/Tests/Runtime/UGUI/TextEditor using Guid(93effba7cf7f3824ab0bd048a27a9c02) (DefaultImporter) -> (artifact id: '8eef0647cc6fb4855db6a46795a64f66') in 0.0005601 seconds
Start importing Packages/com.unity.ugui/Runtime/UGUI/EventSystem/EventData using Guid(b3cdabf2f1e76854d8aab5930305d70d) (DefaultImporter) -> (artifact id: '8277f8c996e87ca284549912a55a6cd9') in 0.0006071 seconds
Start importing Packages/com.unity.ugui/Runtime/UGUI/UI/Animation using Guid(5472815444de2ce45bf2053a4af04b9d) (DefaultImporter) -> (artifact id: '41463e8550df76b3752941ecf4af4827') in 0.0005774 seconds
Start importing Packages/com.unity.inputsystem/InputSystem/Plugins/XR/Controls using Guid(25ea971cc17caa84a8a2fdf9917af7b4) (DefaultImporter) -> (artifact id: '550d46a4f8a6c3ccc74983dd9b1dbf29') in 0.0005805 seconds
Start importing Packages/com.unity.inputsystem/InputSystem/Plugins/XR/Haptics using Guid(8529451a1ee99484a891bdea2f5219f3) (DefaultImporter) -> (artifact id: '550e71914a9d11dbe52a1c14492c6758') in 0.0005725 seconds
Start importing Packages/com.unity.ugui/Tests/Runtime/UGUI/Slider using Guid(850af9f3bf6d14143baf2ecfbf25db52) (DefaultImporter) -> (artifact id: '437630b46a69623334e22a1b4d23d60a') in 0.0005815 seconds
Start importing Packages/com.unity.ugui/Runtime/UGUI/EventSystem/Raycasters using Guid(46646a5562f14984690c85ee7b946bc9) (DefaultImporter) -> (artifact id: 'e72938d8295fecfa581dc14542b5af2f') in 0.0005625 seconds
Start importing Packages/com.unity.inputsystem/InputSystem/Editor/UITKAssetEditor/Commands using Guid(665321577aaff5344b5a12d626dfcaf7) (DefaultImporter) -> (artifact id: '5b304eab01782439182742f7695f71f1') in 0.0005616 seconds
Start importing Packages/com.unity.ugui/Tests/Runtime/UGUI/CanvasRenderer using Guid(a69b08936f9f74179ae333a4bebe7c54) (DefaultImporter) -> (artifact id: '7671a1463691e0f5dc1af47c30eb63be') in 0.0005827 seconds
Start importing Packages/com.unity.ugui/Tests/Editor/UGUI/UI using Guid(e7689eda3a8b1a847a8b197dbe90d9a6) (DefaultImporter) -> (artifact id: '5d2bcf29f5611fa4f2365298e1243e46') in 0.000571 seconds
Start importing Packages/com.unity.inputsystem/InputSystem/Editor/UITKAssetEditor/PackageResources using Guid(7894838fa258e3a4197077ddbda0eec5) (DefaultImporter) -> (artifact id: 'd3cae844ad6d2a8c0d53dd29272c43a2') in 0.0006325 seconds
Start importing Packages/com.unity.ugui/Tests/Editor/UGUI/EventSystem using Guid(98d14ab1acf42df4f88a0561822ac807) (DefaultImporter) -> (artifact id: 'bcce928e3f5b35dd22455a42941bc8ae') in 0.0005853 seconds
Start importing Packages/com.unity.ugui/Tests/Editor/UGUI/Canvas using Guid(b86b117346968ac4d9cc63e4385becb7) (DefaultImporter) -> (artifact id: '62133acf800fdf2d38044a65fa104ffd') in 0.0005637 seconds
Start importing Packages/com.unity.ugui/Tests/Editor/UGUI/UnityEvent using Guid(e90cc37a5ccf4a44dbecc5b7172ec512) (DefaultImporter) -> (artifact id: 'a0ce3d4c23b3d1b988cb587e10b1d85e') in 0.0005628 seconds
Start importing Packages/com.unity.ugui/Tests/Runtime/UGUI/InputField using Guid(2a28c2fab6b1bb745a844ef6b908e7ee) (DefaultImporter) -> (artifact id: '9dad4aba2acb736bb41bd9f498f4a598') in 0.0005635 seconds
Start importing Packages/com.unity.inputsystem/InputSystem/Plugins/XR/Devices using Guid(7ada2e545c685b44a8367bdab267f0dc) (DefaultImporter) -> (artifact id: '627ee3817fcb0cf0ee8de9c6e9f272ab') in 0.000572 seconds
Start importing Packages/com.unity.ugui/Tests/Runtime/UGUI/Canvas using Guid(9a3557da07c729b4eb774b8e30e157a4) (DefaultImporter) -> (artifact id: '81331dc77753752598b07804ea4cff62') in 0.0005513 seconds
Start importing Packages/com.unity.ugui/Tests/Runtime/UGUI/Dropdown using Guid(bae197be297529d4fa735fbe7c91828d) (DefaultImporter) -> (artifact id: '2aa66bb1fd732c209bdffd9958207bc3') in 0.0005514 seconds
Start importing Packages/com.unity.ugui/Tests/Runtime/UGUI/MaskClipping using Guid(2bc8a181dfd9de24388de89bb8db7713) (DefaultImporter) -> (artifact id: '0a0c449a5ca7d42ce0c9a97eda0d4d04') in 0.00055 seconds
Start importing Packages/com.unity.inputsystem/InputSystem/Editor/ControlPicker/Layouts using Guid(5b630b769a2a8aa499ce2d2093f40500) (DefaultImporter) -> (artifact id: '403e46b923f168d79c0a976305679f07') in 0.0005643 seconds
Start importing Packages/com.unity.ugui/Tests/Runtime/UGUI/ScrollRect using Guid(9bedab6f9886aee42b33e424bffdb640) (DefaultImporter) -> (artifact id: 'a0e08ced210bbca101c3d35c258f23e3') in 0.0005514 seconds
Start importing Packages/com.unity.ugui/Tests/Runtime/UGUI/EventSystem using Guid(ab93e1a81defc3243a6e9cd0df3cb443) (DefaultImporter) -> (artifact id: '642b7155e0374f42426082344e328a0f') in 0.0005856 seconds
Start importing Packages/com.unity.ugui/Tests/Editor/UGUI/Slider using Guid(4cfe5ade9a1375e40aed87618b92bd12) (DefaultImporter) -> (artifact id: '91a2980309d6499d37b364770f3dc35d') in 0.0005797 seconds
Start importing Packages/com.unity.inputsystem/InputSystem/Editor/Internal/AdvancedDropdown using Guid(5cdea6ae28e4a4b6ca0bb7506f88764c) (DefaultImporter) -> (artifact id: 'eca336dc6ca2b7d726720885b47884ac') in 0.0005584 seconds
Start importing Packages/com.unity.ugui/Editor/UGUI/UI/PropertyDrawers using Guid(bc9aa6d5a7945f34882c442e9e201537) (DefaultImporter) -> (artifact id: '270b585cc009643c70718bcb5358bab0') in 0.0006152 seconds
Start importing Packages/com.unity.ugui/Tests/Runtime/UGUI/Layout using Guid(cc313cc004395df4a9884390556690a5) (DefaultImporter) -> (artifact id: '563d44d617bb73e3ce0b9367beb9f7f6') in 0.0005938 seconds
Start importing Packages/com.unity.inputsystem/InputSystem/Editor/UITKAssetEditor/Views using Guid(2db76e4ad9537964994bd20263e1c379) (DefaultImporter) -> (artifact id: '55b765bc8bef98298d0dce9de6fd088a') in 0.0006207 seconds
Start importing Packages/com.unity.ugui/Tests/Runtime/UGUI/LayoutGroup using Guid(2d9b6ff056b6f484ba6500aa8e06bcf3) (DefaultImporter) -> (artifact id: '1c3147b292d515aadba03fbf6013744b') in 0.0005719 seconds
Start importing Packages/com.unity.ugui/Runtime/UGUI/EventSystem/UIElements using Guid(5dc64c943466a44498be3b620c743b45) (DefaultImporter) -> (artifact id: '96c94b86d87620112b8e860f107d8e93') in 0.0006048 seconds
Start importing Packages/com.unity.inputsystem/InputSystem/Editor/AssetEditor/PackageResources using Guid(ad61ded360bb0784b9301188fc603d6d) (DefaultImporter) -> (artifact id: '89b0b596240fab476c123f102a1ab111') in 0.00059 seconds
Start importing Packages/com.unity.ugui/Runtime/UGUI/EventSystem/InputModules using Guid(8e78f8a8575e4a04f8337a54e241cdc5) (DefaultImporter) -> (artifact id: 'cf1e069480532a8f3dc9085bfcf71e39') in 0.000586 seconds
Start importing Packages/com.unity.ugui/Tests/Editor/UGUI/CanvasRenderer using Guid(ae242449e9279d44789513b922d3178a) (DefaultImporter) -> (artifact id: 'ee5d432a1318ff51cc5f0f75759cfc19') in 0.000602 seconds
Start importing Packages/com.unity.ugui/Tests/Editor/UGUI/Dropdown using Guid(1f71aeacc4a9f1a40b22a1a590331f6b) (DefaultImporter) -> (artifact id: 'f07cb706910528267c831c49a6968d8c') in 0.0005837 seconds
Start importing Packages/com.unity.ugui/Tests/Editor/UGUI/Text using Guid(4f9ac6e545d53f94b9f09c85b9576f36) (DefaultImporter) -> (artifact id: '5f05d186dcb1976da8af0bac527eb730') in 0.0005881 seconds
Start importing Packages/com.unity.ugui/Tests/Runtime/UGUI/Util using Guid(af30a361ab68260438b6ec3fb7e64500) (DefaultImporter) -> (artifact id: '2b58310aa8804f03a037a2d47189a1c9') in 0.0005963 seconds
Start importing Packages/com.unity.ugui/Tests/Runtime/UGUI/NestedLayout using Guid(efad3ddb7270ac241b9b1357ec5ee2f2) (DefaultImporter) -> (artifact id: '8bbb7177cd104b80d48b4cfb1dc88884') in 0.000609 seconds
Start importing Packages/com.unity.ugui/Tests/Editor/UGUI/UI/PropertyDrawers using Guid(24333a116497b144f9782b1160984b57) (DefaultImporter) -> (artifact id: '38a6a8db8e66efb4b3e00b0b49edce4d') in 0.0006226 seconds
Start importing Packages/com.unity.inputsystem/InputSystem/Editor/AssetEditor/PackageResources/personal using Guid(95391b99439094c00a105cd26ba61b1b) (DefaultImporter) -> (artifact id: '4035ef21cafc80447e59ea9645c8f64f') in 0.0006123 seconds
Start importing Packages/com.unity.ugui/Runtime/UGUI/UI/Core/Utility using Guid(d63dd1a776d383248a21ec2a8a6e7868) (DefaultImporter) -> (artifact id: 'ddf4baa864d390cb48033641e93bc3ab') in 0.0005947 seconds
Start importing Packages/com.unity.ugui/Runtime/UGUI/UI/Core/Culling using Guid(27ed3e221887b3544bd9d6505d4a789f) (DefaultImporter) -> (artifact id: 'a8414d4e7a7ce3589ca9a54f2895a3ea') in 0.0005803 seconds
Start importing Packages/com.unity.ugui/Runtime/UGUI/UI/Core/SpecializedCollections using Guid(f8ed4321a98682942b9980996131cf26) (DefaultImporter) -> (artifact id: '5a5ef29bec25f7a3bf7676116a5962c1') in 0.000586 seconds
Start importing Packages/com.unity.ugui/Runtime/UGUI/UI/Core/Layout using Guid(1999349e7f492c947bb6eb70f624382e) (DefaultImporter) -> (artifact id: 'a8e41ce3a6fccc9c9b78c2afb86f94a6') in 0.0006167 seconds
Start importing Packages/com.unity.ugui/Tests/Runtime/UGUI/EventSystem/InputModuleTests using Guid(7a892c920c8ad2848b469ec9579c5219) (DefaultImporter) -> (artifact id: 'ddbbd39c1ecedea9952da13283fac82b') in 0.0005648 seconds
Start importing Packages/com.unity.ugui/Runtime/UGUI/UI/Core/MaterialModifiers using Guid(7c6295db74da28645bf49db58b7c9c65) (DefaultImporter) -> (artifact id: 'c8309270d25389008b80d2680377db3a') in 0.0005643 seconds
Start importing Packages/com.unity.inputsystem/InputSystem/Editor/AssetEditor/PackageResources/pro using Guid(be2b3c041afc2477ea1f172b6d14c3dc) (DefaultImporter) -> (artifact id: '08b4bf9d1d01c804d61635e1b758a23f') in 0.0005694 seconds
Start importing Packages/com.unity.ugui/Runtime/UGUI/UI/Core/VertexModifiers using Guid(cfa73a847eeff06448bb50a8ac6a94e0) (DefaultImporter) -> (artifact id: '4854c52cecabffb60fdd5ed9e9763c1c') in 0.0005089 seconds
Start importing Packages/com.unity.ugui/Runtime/TMP/Unity.TextMeshPro.asmdef using Guid(6055be8ebefd69e48b49212b09b47b2f) (AssemblyDefinitionImporter) -> (artifact id: '755faf4d872606cabacec4dfdc775f71') in 0.0018477 seconds
Start importing Packages/com.unity.inputsystem/DocCodeSamples.Tests/DocCodeSamples.asmdef using Guid(41b01d3964f844d8b43923c18b3a9a6f) (AssemblyDefinitionImporter) -> (artifact id: 'c4ecdf1098f2cc8c3723c90c3ce012c9') in 0.0017144 seconds
Start importing Packages/com.unity.ugui/Runtime/InternalBridge/Unity.InternalAPIEngineBridge.004.asmdef using Guid(43b111c4a445f446abd2c02e77750ff5) (AssemblyDefinitionImporter) -> (artifact id: '7768f0299b485d6ebc39eb408ad5c375') in 0.0018693 seconds
Start importing Packages/com.unity.ugui/Editor/Analytics/UnityEditor.UI.Analytics.asmdef using Guid(8394c018a82352f41ae354f7bdad54e3) (AssemblyDefinitionImporter) -> (artifact id: '51a42a6dc598d685998182f7c5c967c4') in 0.002128 seconds
Start importing Packages/com.unity.ugui/Editor/UGUI/UnityEditor.UI.asmdef using Guid(343deaaf83e0cee4ca978e7df0b80d21) (AssemblyDefinitionImporter) -> (artifact id: 'af08ec8d4d031bbff740ba61300146c5') in 0.0020341 seconds
Start importing Packages/com.unity.ugui/Editor/TMP/Unity.TextMeshPro.Editor.asmdef using Guid(6546d7765b4165b40850b3667f981c26) (AssemblyDefinitionImporter) -> (artifact id: '9560f464d4c68b2cd231f1d640031561') in 0.0024499 seconds
Start importing Packages/com.unity.ugui/Tests/Editor/TMP/Unity.TextMeshPro.Editor.Tests.asmdef using Guid(656e461844099ae43a609ff6109b0877) (AssemblyDefinitionImporter) -> (artifact id: '30072da98643a3dd2fb6cd04c1e7f82b') in 0.0025775 seconds
Start importing Packages/com.unity.inputsystem/InputSystem/Unity.InputSystem.asmdef using Guid(75469ad4d38634e559750d17036d5f7c) (AssemblyDefinitionImporter) -> (artifact id: 'd3b7f1bfdc6b82180e994b295b9b0527') in 0.0030954 seconds
Start importing Packages/com.unity.inputsystem/InputSystem/Plugins/InputForUI/InputSystemForUI.asmdef using Guid(09dcc9c0126b6b34ab2a877b8f2277f5) (AssemblyDefinitionImporter) -> (artifact id: '909e8380d27ebb14864db4f1d55d8eb9') in 0.0028571 seconds
Start importing Packages/com.unity.ugui/Tests/Runtime/UGUI/UnityEngine.UI.Tests.asmdef using Guid(e9745f6a32442194c8dc5a43e9ab86f9) (AssemblyDefinitionImporter) -> (artifact id: '671361ac3978847d29e63ee1cf5da131') in 0.002663 seconds
Start importing Packages/com.unity.inputsystem/Tests/IntegrationTests/Unity.InputSystem.IntegrationTests.asmdef using Guid(3ae5734e49d646442ad24f37762ebdd2) (AssemblyDefinitionImporter) -> (artifact id: '9abaaed583597bdbc9fadb4bc1dd80ee') in 0.0026546 seconds
Start importing Packages/com.unity.ugui/Runtime/UGUI/UnityEngine.UI.asmdef using Guid(2bafac87e7f4b9b418d9448d219b01ab) (AssemblyDefinitionImporter) -> (artifact id: '535f7aafa4dd215a60024f56978e8d8a') in 0.0029343 seconds
Start importing Packages/com.unity.ugui/Tests/Runtime/TMP/Unity.TextMeshPro.Tests.asmdef using Guid(bb05cab7d802aa5468f8f2f86840d984) (AssemblyDefinitionImporter) -> (artifact id: '89d48fa439e205f5072672939dd03b3e') in 0.0026128 seconds
Start importing Packages/com.unity.ugui/Tests/Editor/UGUI/UnityEditor.UI.EditorTests.asmdef using Guid(7c04f0dfa9243c04681a55d90d3ff3fc) (AssemblyDefinitionImporter) -> (artifact id: 'b0030b2b8f67d12eacbc22c1af1fbac4') in 0.002523 seconds
Start importing Packages/com.unity.inputsystem/Tests/TestFixture/Unity.InputSystem.TestFramework.asmdef using Guid(dc04f38471c3a459fb4d31124ee9127d) (AssemblyDefinitionImporter) -> (artifact id: 'f7b9ae147baf20ba48e98b1980f6cc2c') in 0.0022619 seconds
Start importing Packages/com.unity.modules.ui/package.ModuleCompilationTrigger using Guid(51fa60bb2bd1e5bc74e8cc95a7bfd5b7) (DefaultImporter) -> (artifact id: '237e32f9541121b786ca4b06eace0dfe') in 0.0368448 seconds
Start importing Packages/com.unity.modules.hierarchycore/package.ModuleCompilationTrigger using Guid(d104359075a97392b803d3d5aebc77f7) (DefaultImporter) -> (artifact id: '5f087c93c58d9b1c35f89c539ed3a98d') in 0.0008518 seconds
Start importing Packages/com.unity.modules.imageconversion/package.ModuleCompilationTrigger using Guid(830a36a23cf3ab1e61fa47940a6dc35e) (DefaultImporter) -> (artifact id: 'ee0f0c801f95c19382d8b454dc7586e1') in 0.0006358 seconds
Start importing Packages/com.unity.modules.jsonserialize/package.ModuleCompilationTrigger using Guid(e6a135e3ea9cb46795d1b0e05ac3e1e5) (DefaultImporter) -> (artifact id: '8d26f1c211bce77f7cf17eccccd57b0d') in 0.0008538 seconds
Start importing Packages/com.unity.modules.adaptiveperformance/package.ModuleCompilationTrigger using Guid(1af35a910338381f753e8a985eb5daab) (DefaultImporter) -> (artifact id: '867fce9a42b816ffb5ac55f16cf2007e') in 0.0008252 seconds
Start importing Packages/com.unity.modules.uielements/package.ModuleCompilationTrigger using Guid(8a752aaaadd2410dd9a84e01c1bace9f) (DefaultImporter) -> (artifact id: 'ae37e7f0f1483578fc0d8d28fd17e0e2') in 0.0007892 seconds
Start importing Packages/com.unity.modules.vectorgraphics/package.ModuleCompilationTrigger using Guid(3cc1ebf2abb7fef6871ad48f499b6e21) (DefaultImporter) -> (artifact id: '51ba5d987381c742b47376b47674c513') in 0.0007771 seconds
Start importing Packages/com.unity.modules.physics/package.ModuleCompilationTrigger using Guid(5c1ee4056d0ac7ad3c5a16597fcaa38a) (DefaultImporter) -> (artifact id: '288b7a03d6481d4e92cee0ae908758ad') in 0.0008012 seconds
Start importing Packages/com.unity.modules.subsystems/package.ModuleCompilationTrigger using Guid(8d4bc6bfa28760b29f13174d6b6ea710) (DefaultImporter) -> (artifact id: '86683c86d6892e456463f75256ee724d') in 0.000782 seconds
Start importing Packages/com.unity.modules.imgui/package.ModuleCompilationTrigger using Guid(be13c398521e3c1ad21fb9da30ab2ab6) (DefaultImporter) -> (artifact id: 'ea0574aa05344c7e80357502346d73fc') in 0.0007732 seconds
Refreshing native plugins compatible for Editor in 0.37 ms, found 0 plugins.
Native extension for WindowsStandalone target not found
ScheduleIndexationOnStartup MainProcess:True IndexOnStartup:True
Mono: successfully reloaded assembly
- Finished resetting the current domain, in  0.614 seconds
Domain Reload Profiling: 3355ms
	BeginReloadAssembly (402ms)
		ExecutionOrderSort (0ms)
		DisableScriptedObjects (21ms)
		BackupInstance (0ms)
		ReleaseScriptingObjects (0ms)
		CreateAndSetChildDomain (146ms)
	RebuildCommonClasses (58ms)
	RebuildNativeTypeToScriptingClass (20ms)
	initialDomainReloadingComplete (25ms)
	LoadAllAssembliesAndSetupDomain (2236ms)
		LoadAssemblies (2363ms)
		RebuildTransferFunctionScriptingTraits (0ms)
		AnalyzeDomain (45ms)
			TypeCache.Refresh (33ms)
				TypeCache.ScanAssembly (25ms)
			BuildScriptInfoCaches (7ms)
			ResolveRequiredComponents (3ms)
	FinalizeReload (614ms)
		ReleaseScriptCaches (0ms)
		RebuildScriptCaches (0ms)
		SetupLoadedEditorAssemblies (435ms)
			LogAssemblyErrors (0ms)
			InitializePlatformSupportModulesInManaged (26ms)
			SetLoadedEditorAssemblies (4ms)
			BeforeProcessingInitializeOnLoad (149ms)
			ProcessInitializeOnLoadAttributes (204ms)
			ProcessInitializeOnLoadMethodAttributes (48ms)
			AfterProcessingInitializeOnLoad (3ms)
			EditorAssembliesLoaded (0ms)
		ExecutionOrderSort2 (0ms)
		AwakeInstancesAfterBackupRestoration (31ms)
Start importing Library/BuildPlayer.prefs using Guid(00000000000000005000000000000000) (DefaultImporter) -> (artifact id: '083d37eb6b0e82b8f5c1ec86344d848d') in 0.0151109 seconds
Start importing Assets/_Recovery/0.unity using Guid(d157a2053597eab4c9529d4e562aee81) (DefaultImporter) -> (artifact id: '7e4720d932910fc4a047b99d6c1e4e59') in 0.0007788 seconds
Start importing Assets/Data/generate_config_json.ps1 using Guid(1a0b02f9b93a4ab42bb5669cfa46543c) (DefaultImporter) -> (artifact id: '9e38b0f8e4f04d8b4c2444e0baf7f1ae') in 0.059413 seconds
Start importing Packages/com.unity.ugui/Package Resources/TMP Examples & Extras.unitypackage using Guid(bc00e25696e4132499f56528d3fed2e3) (DefaultImporter) -> (artifact id: '36912524d77e494bff28eadb6545a86b') in 0.0017275 seconds
Start importing Packages/com.unity.ugui/Package Resources/TMP Essential Resources.unitypackage using Guid(ce4ff17ca867d2b48b5c8a4181611901) (DefaultImporter) -> (artifact id: 'c9b9d0e8e0d8a5df2fad0e13885ca7c4') in 0.0007545 seconds
Start importing Packages/com.unity.inputsystem/InputSystem/Editor/Icons/ChevronUp@3x.png using Guid(006305b616daf47409935f3dc8a172e2) (TextureImporter) -> (artifact id: 'd0e62a326cd3fbf9da8e37e700ed9f11') in 0.2168394 seconds
Start importing Packages/com.unity.inputsystem/InputSystem/Editor/Icons/d_ChevronDown@2x.png using Guid(0068f400a72d84c92a1b8f5889a574b2) (TextureImporter) -> (artifact id: 'df34dc9bd8081c971195ea838d0a7921') in 0.0021729 seconds
Start importing Packages/com.unity.inputsystem/InputSystem/Editor/Icons/Interactive Binding@2x.png using Guid(2027b97fd12d842d7a3169c784502a54) (TextureImporter) -> (artifact id: 'a249a29a554055b3045098fa6b8e82b7') in 0.0022935 seconds
Start importing Packages/com.unity.inputsystem/InputSystem/Editor/Icons/InputSystemUIInputModule@64.png using Guid(3028dc075ba8c584d9bc7d1e0255e038) (TextureImporter) -> (artifact id: '0bf10a9d7934b59da13a9bee5168adfb') in 0.0026005 seconds
Start importing Assets/Resources/Art/UI/ui_battle_action_button_001.png using Guid(40b2c43ea636c474090f4a60d8dcb685) (TextureImporter) -> (artifact id: '0146fa2116a7c0ac38a6bb3531e3e001') in 0.0856508 seconds
Start importing Packages/com.unity.inputsystem/InputSystem/Editor/Icons/InputAction.png using Guid(40265a896a0f341bb956e90c59025a29) (TextureImporter) -> (artifact id: 'a1db109bb4677e9585f4f31aba86d228') in 0.0043976 seconds
Start importing Assets/Art/UI/ui_btn_home_primary_001.png using Guid(403713f91ac042529b72260bdc5001f9) (TextureImporter) -> (artifact id: 'd19aac8205f3b745c3d811a7c4d9ef21') in 0.0262469 seconds
Start importing Assets/Resources/Art/UI/ui_path_thunder_003.png using Guid(50d99e69b9de2f045a156e6f1bacea78) (TextureImporter) -> (artifact id: '3ed5147e4bf34875da4ef896a1185782') in 0.1119668 seconds
Start importing Assets/Art/UI/ui_opening_scene_herb_forest_001.png using Guid(80be0a0dd653fa64ea7faa723b67648d) (TextureImporter) -> (artifact id: 'b93fd53cbc2cc48a99cfc160e58f0a73') in 0.0909127 seconds
Start importing Packages/com.unity.inputsystem/InputSystem/Editor/Icons/Mouse@4x.png using Guid(a0b78c5ab9d654a9daba91ff774b4931) (TextureImporter) -> (artifact id: 'f407fecf30910a93c28811b3c3baab1b') in 0.002311 seconds
Start importing Assets/Art/UI/ui_home_title_calligraphy_001.png using Guid(a0fbca8e7c4d4e32b7b3f1c8d9e0a721) (TextureImporter) -> (artifact id: '56c98ba7a5fe003ea24953db21b493cf') in 0.0261432 seconds
Start importing Assets/Art/UI/ui_battle_phase_seal_002.png using Guid(a08d57f8004405947a647d94244916f6) (TextureImporter) -> (artifact id: '70fb49e18f95ea85ea614e6c7e4ddc39') in 0.0365168 seconds
Start importing Packages/com.unity.inputsystem/InputSystem/Editor/Icons/InputActionAsset.png using Guid(b025a2a0f9e554d1e88a93b5649dfc3f) (TextureImporter) -> (artifact id: '9d9eb350e97215806a2ef06d72cd72ae') in 0.0078464 seconds
Start importing Assets/Resources/Art/UI/ui_root_object_smith_001.png using Guid(b0382381dfde65e4e8bfaa2c2de1e349) (TextureImporter) -> (artifact id: '85e0d1c8d16d34e2a35b066418dd7921') in 0.0622492 seconds
Start importing Packages/com.unity.inputsystem/InputSystem/Editor/AssetEditor/PackageResources/pro/propertiesBackground.png using Guid(b02e3f0c0798a4f1789a89a7697660be) (TextureImporter) -> (artifact id: 'aecb45eaea2c3f8d582ab56f233172c2') in 0.0670854 seconds
Start importing Packages/com.unity.inputsystem/InputSystem/Editor/AssetEditor/PackageResources/pro/foldoutBackground.png using Guid(c0996bc290ff74bf4834f4a8b7dc8c3e) (TextureImporter) -> (artifact id: '62c5c7f5e8b4821a746ca6805f1cdf71') in 0.002023 seconds
Start importing Packages/com.unity.inputsystem/InputSystem/Editor/Icons/Axis@2x.png using Guid(d0006d51a864248adba0238883f8c71e) (TextureImporter) -> (artifact id: '4617fe1dcd5ec043e7223dc3708ef421') in 0.0022573 seconds
Start importing Assets/Resources/Art/VFX/vfx_flying_sword_001.png using Guid(d0f1f1732f9c0604686ef1a84b3993f2) (TextureImporter) -> (artifact id: '3731f0d44b5b456e4ce529432e02ad36') in 0.0056408 seconds
Start importing Assets/Resources/Art/UI/ui_transition_focus_ring_001.png using Guid(d0ac6e567c0563d49ab76310974f604a) (TextureImporter) -> (artifact id: 'b4e80aa5fbdf152eed97b81ed24e46c4') in 0.0319278 seconds
Start importing Assets/Resources/Art/UI/ui_root_smoke_wisp_001.png using Guid(d0ae5ff0ec5af3c4da918a86b2d7596c) (TextureImporter) -> (artifact id: '5796e2ce5c2315ce2d1734a9e854fa67') in 0.0085985 seconds
Start importing Packages/com.unity.inputsystem/InputSystem/Editor/Icons/d_Axis@4x.png using Guid(e01ab4b854c6d4fa3a8d869b67ecd643) (TextureImporter) -> (artifact id: '9c69cbcbbfa9538201db3a78c1b67487') in 0.0022575 seconds
Start importing Packages/com.unity.ugui/Editor Resources/Textures/btn_AlignRight_Light.psd using Guid(e05ace3bd15740cda0bad60d89092a5b) (TextureImporter) -> (artifact id: '8a4449632c2b34f1c8ba88a1748e3129') in 0.06274 seconds
Start importing Assets/Resources/Art/Characters/char_player_sword_sash_wind_001.png using Guid(1113e71a9b074ccfb178384360fb86df) (TextureImporter) -> (artifact id: 'c76d7667d45de9c4908268bb6bcb0aff') in 0.01783 seconds
Start importing Packages/com.unity.inputsystem/InputSystem/Editor/Icons/Interactive Binding.png using Guid(2196c18f03faf4184b1aeb2c61d5571d) (TextureImporter) -> (artifact id: '1a802ea1a99f2ca954903446c9d08534') in 0.0020689 seconds
Start importing Assets/Resources/Art/Characters/char_player_sword_cultivator_battle_002.png using Guid(210ede9e49650684fb0bfb1125b545bd) (TextureImporter) -> (artifact id: '7f89c0e28dedd6b44c8e39cc3369222c') in 0.0098663 seconds
Start importing Assets/Art/UI/ui_btn_home_secondary_001.png using Guid(214e05ca748343baa9be6d0ba726c01b) (TextureImporter) -> (artifact id: '29e8fb66f5ddd42c39ab1b887a7e1cbd') in 0.0071382 seconds
Start importing Assets/Resources/Art/UI/ui_opening_item_thunderbone_001.png using Guid(31b70792ff342d2468ac8ac3a850666f) (TextureImporter) -> (artifact id: '99c34d070a4c315a3f6e700d9e87ea0d') in 0.0886183 seconds
Start importing Packages/com.unity.ugui/Editor Resources/Textures/btn_AlignMiddle.psd using Guid(41b96614b2e6494ba995ddcd252d11ae) (TextureImporter) -> (artifact id: '55c00b37213dc97bc73f9d8ccdb2e08f') in 0.0026851 seconds
Start importing Packages/com.unity.inputsystem/InputSystem/Editor/Icons/d_Dpad@4x.png using Guid(41edf25d451a744e6ad1172a677603bd) (TextureImporter) -> (artifact id: '0c3597262c620927c3bcaba06b867806') in 0.0031816 seconds
Start importing Assets/Resources/Art/UI/ui_root_destiny_scene_tea_desk_001.png using Guid(51e8953876cd41b4fbbe8d0fee3c2613) (TextureImporter) -> (artifact id: '3011591c14d88503017b4530b788cc4a') in 0.1313183 seconds
Start importing Packages/com.unity.inputsystem/InputSystem/Editor/Icons/Keyboard@3x.png using Guid(6191a40940a3e46899ecf82fa8389d01) (TextureImporter) -> (artifact id: '76f53d3abdf1f82c1922cdffbbb91443') in 0.0024797 seconds
Start importing Packages/com.unity.inputsystem/InputSystem/Editor/Icons/d_Mouse@3x.png using Guid(6164e492ad3164525ab8ecd9968c3a64) (TextureImporter) -> (artifact id: '73cedd27383ec708c62ef049959845f7') in 0.0024345 seconds
Start importing Assets/Art/UI/ui_root_destiny_desk_bg_001.png using Guid(610ae50b92cadda4ea83daaa51602b23) (TextureImporter) -> (artifact id: 'bcb934b6457474fef3ac2aa04573d977') in 0.1425847 seconds
Start importing Assets/Resources/Art/UI/ui_panel_scroll_dark_001_transparent.png using Guid(81f77c58daee2d5429cae7b69bc218f6) (TextureImporter) -> (artifact id: '8a2b235e08b2fcf41230a7d0d8d13617') in 0.0387244 seconds
Start importing Packages/com.unity.ugui/Editor Resources/Textures/btn_AlignCenter.psd using Guid(81ed8c76d2bc4a4c95d092c98af4e58f) (TextureImporter) -> (artifact id: '04accde65a2503a87fef5795191c2aa4') in 0.0026326 seconds
Start importing Assets/Art/UI/ui_root_object_servant_001.png using Guid(a1858c2aa5ec0d546b3ef2033dee14c0) (TextureImporter) -> (artifact id: '4e4f416a107f961d31347bb4f049daef') in 0.0637394 seconds
Start importing Packages/com.unity.inputsystem/InputSystem/Editor/Icons/d_Dpad@3x.png using Guid(a1b7d9ffed68a47128c5622c13ba4752) (TextureImporter) -> (artifact id: '0963179de00fbcc711418878c5b6fb12') in 0.0027589 seconds
Start importing Assets/Resources/Art/UI/ui_root_destiny_desk_bg_001.png using Guid(a12d0534af4cd4345b5d72f149e79053) (TextureImporter) -> (artifact id: 'c1abfc02bc640332f56c16f0eb9a3b7f') in 0.1329223 seconds
Start importing Assets/Resources/Art/Characters/char_player_sword_cultivator_portrait_002.png using Guid(b1d5459b5076dc9468e7eb36dc5ba801) (TextureImporter) -> (artifact id: '788dd8fe162af7f49bde0d0fb76684e4') in 0.0054816 seconds
Start importing Assets/Art/UI/ui_home_logo_seal_001.png using Guid(d1d756830d2b42aea97e8c6fa751a570) (TextureImporter) -> (artifact id: 'e8e010d24a3b6c38b9189f2f366dc6b8') in 0.0277917 seconds
Start importing Assets/Resources/Art/UI/ui_path_wanjian_001.png using Guid(d16933feef263734db5cd87ae1e040c5) (TextureImporter) -> (artifact id: 'a3f0c9aafd34e721f989fd684160c1b6') in 0.1421119 seconds
Start importing Assets/Resources/Art/UI/ui_icon_exit_001.png using Guid(d19caff9e7e640c4b98ed96c208e3255) (TextureImporter) -> (artifact id: '7af1aaf0f87f7e8260a32098f20119e2') in 0.003006 seconds
Start importing Packages/com.unity.inputsystem/InputSystem/Editor/Icons/ChevronDown@4x.png using Guid(d1acbe0a708dc40dc80254764e67ecfa) (TextureImporter) -> (artifact id: '90dac6f398f2151390a7d575f20b8466') in 0.0028477 seconds
Start importing Packages/com.unity.inputsystem/InputSystem/Editor/Icons/d_Position@3x.png using Guid(e1da124f7cbda41a4925397406076a42) (TextureImporter) -> (artifact id: '6ef1c327893df8ba6d7c19ceadc43260') in 0.0025082 seconds
Start importing Packages/com.unity.inputsystem/InputSystem/Editor/Icons/d_Keyboard@2x.png using Guid(f14e3a4027f834f16b235498ac15bb3f) (TextureImporter) -> (artifact id: '55b57c973ad1bf81fa75ea44b274e83d') in 0.0024849 seconds
Start importing Packages/com.unity.ugui/Editor Resources/Textures/btn_AlignLeft_Light.psd using Guid(12736c98af174f91827a26b66d2b01b9) (TextureImporter) -> (artifact id: '9ebe6bc08e7974f6e61e08029d622c0c') in 0.0028388 seconds
Start importing Packages/com.unity.inputsystem/InputSystem/Editor/Icons/d_Keyboard@4x.png using Guid(123b6218ad27a41af933311ee524dcdc) (TextureImporter) -> (artifact id: 'd18315515916d23745b60dcd6e9600e0') in 0.0023076 seconds
Start importing Assets/Resources/Art/Characters/char_enemy_tribulation_wraith_001.png using Guid(123e03ef94dea9644910e85da33abc47) (TextureImporter) -> (artifact id: '18756c5c133f23d4e47a82f34ec0c65f') in 0.0202955 seconds
Start importing Assets/Resources/Art/Scenes/scene_battle_old_mine_entry_001.png using Guid(42313d9d76b47d14f8b2807ff9a8cdc4) (TextureImporter) -> (artifact id: '5d6182e358273fc4aa555ef382e02028') in 0.1139304 seconds
Start importing Packages/com.unity.inputsystem/InputSystem/Editor/Icons/d_Orientation@3x.png using Guid(424bff4d3ea64400e9b384cb8bebfb96) (TextureImporter) -> (artifact id: 'dd10939dd506843d3cdabe24c627d7ba') in 0.0023779 seconds
Start importing Assets/Resources/Art/UI/ui_root_confirm_seal_002.png using Guid(42bcf7c01e4c45c3a961d26511600a5c) (TextureImporter) -> (artifact id: 'ae3d99384db8203cbde187a56aa66dcd') in 0.0090182 seconds
Start importing Assets/Art/UI/ui_path_wanjian_002.png using Guid(5205b756f7860614db05adb20ca3ea05) (TextureImporter) -> (artifact id: '9441409b01673799125c64221f442685') in 0.0913414 seconds
Start importing Assets/Art/UI/ui_home_info_tag_001.png using Guid(52fab979e318486baf1e264c896f27c2) (TextureImporter) -> (artifact id: '47ec4110d354c748e54c6ca568c08185') in 0.0087763 seconds
Start importing Packages/com.unity.inputsystem/InputSystem/Editor/Icons/Stick.png using Guid(6234dae5cf6f04acb9a51e04d448e444) (TextureImporter) -> (artifact id: 'f05443ef8866c7519d29b4d7fcef97ac') in 0.0019821 seconds
Start importing Packages/com.unity.inputsystem/InputSystem/Editor/Icons/d_Axis@3x.png using Guid(62c846073cb844a2b926e4bbd3189647) (TextureImporter) -> (artifact id: '5c2368ed16e814d00c495e2c66dc4a7e') in 0.0023104 seconds
Start importing Packages/com.unity.inputsystem/InputSystem/Editor/Icons/Orientation@2x.png using Guid(62f8dda50382d487597224e197cbd34f) (TextureImporter) -> (artifact id: 'c91dd9f4a1eea001b2d79b22abe5535a') in 0.0023173 seconds
Start importing Assets/Art/UI/ui_opening_item_bloodjade_001.png using Guid(62cd822e26464884ea172f047a6f99ce) (TextureImporter) -> (artifact id: 'a9b8fb0324ef594db6b553c87c27fb2f') in 0.0916691 seconds
Start importing Packages/com.unity.inputsystem/InputSystem/Editor/Icons/InputControl@2x.png using Guid(62ce957ca99fe4fcba573a5b141eb113) (TextureImporter) -> (artifact id: 'fc09a32f70bc8178412abd0054a1d5c3') in 0.0024475 seconds
Start importing Packages/com.unity.inputsystem/InputSystem/Editor/Icons/Touch@2x.png using Guid(82073a8bfd6b8488a89b8796d500d12d) (TextureImporter) -> (artifact id: 'b9b1b8ab72002540e9d7f5b09a79b4c3') in 0.0023072 seconds
Start importing Assets/Resources/Art/UI/ui_opening_scene_herb_forest_001.png using Guid(82f85639ccbbebf4c83efda879ece6a4) (TextureImporter) -> (artifact id: '69d853bd6479c3be7784edad4f657330') in 0.0952025 seconds
Start importing Packages/com.unity.ugui/Editor Resources/Textures/btn_AlignJustified.psd using Guid(92027f7f8cfc4feaa477da0dc38d3d46) (TextureImporter) -> (artifact id: '23b1a84527542a1ef7b36ec524577196') in 0.0026238 seconds
Start importing Packages/com.unity.ugui/Editor Resources/Textures/btn_AlignLeft.psd using Guid(9288066c33474b94b6ee5465f4df1cc0) (TextureImporter) -> (artifact id: 'd842d7c2de891d74c10e92a377f23e8c') in 0.0024578 seconds
Start importing Assets/Art/UI/ui_root_lot_tag_002.png using Guid(c2472b8760b547b1bb33587981097568) (TextureImporter) -> (artifact id: '21d4b6f346e323f7fe1a6d35d3a3031b') in 0.0083872 seconds
Start importing Packages/com.unity.ugui/Editor Resources/Textures/btn_AlignMidLine.psd using Guid(c2f7f6a88b4c4f20a53deb72f3d9144c) (TextureImporter) -> (artifact id: '2af6cbfbddf679ac8bdfd4f611952cd4') in 0.0026356 seconds
Start importing Packages/com.unity.inputsystem/InputSystem/Editor/Icons/Joystick.png using Guid(c28849deb3e3b45c98965e7efd26f7be) (TextureImporter) -> (artifact id: '7a382bc43317017e52739164ba56d306') in 0.0023446 seconds
Start importing Packages/com.unity.inputsystem/InputSystem/Editor/Icons/d_InputControl@4x.png using Guid(e2078613efd9e410c8771cbd2717f4e7) (TextureImporter) -> (artifact id: '7c64946cb31e214202110179d641432e') in 0.0025065 seconds
Start importing Packages/com.unity.inputsystem/InputSystem/Editor/Icons/d_Stick@4x.png using Guid(f2fd4d7aa99c94a67a6a137fe979a760) (TextureImporter) -> (artifact id: 'd0fc9b1d913e43618ddb02d68fd32245') in 0.002636 seconds
Start importing Packages/com.unity.inputsystem/InputSystem/Editor/Icons/d_Stick@3x.png using Guid(03c3559bb64164f7785cd1250e475250) (TextureImporter) -> (artifact id: '1b2b920e1bdf91c2b054ddb9b97c24b3') in 0.0025848 seconds
Start importing Packages/com.unity.inputsystem/InputSystem/Editor/Icons/d_Button.png using Guid(0309256f03c114697813e2296f0a1f18) (TextureImporter) -> (artifact id: 'addb6a0f11ed3ad33caa9259a9f79a52') in 0.0024555 seconds
Start importing Assets/Art/UI/ui_header_cloudband_001.png using Guid(03ef54530f9cc8540aef7376773574fb) (TextureImporter) -> (artifact id: '138acebfcf9fb4a80750fe189cfe832e') in 0.0966778 seconds
Start importing Packages/com.unity.inputsystem/InputSystem/Editor/Icons/Pen@2x.png using Guid(13fb345befe624412ac0bd0138d7bcf2) (TextureImporter) -> (artifact id: 'c3aa1ad67a01b50fa9f2254ab986a5da') in 0.0022709 seconds
Start importing Assets/Art/UI/ui_transition_focus_ring_001.png using Guid(2303d6bf9ca631a489066b39b99b49e1) (TextureImporter) -> (artifact id: '116575dbcdb490a864fbe0d25fc3d897') in 0.0364253 seconds
Start importing Packages/com.unity.inputsystem/InputSystem/Editor/AssetEditor/PackageResources/blue.png using Guid(33f32142c2c2d4662be5f5274db27158) (TextureImporter) -> (artifact id: '08a357d7281d1d06e269c1bef1ec272d') in 0.0022648 seconds
Start importing Assets/Art/VFX/vfx_thunder_arc_001.png using Guid(33cbd7fa2ac03d648add899aac8c54cd) (TextureImporter) -> (artifact id: 'c969d2fd09e85141964f941ca63a2cfd') in 0.0087335 seconds
Start importing Assets/Art/UI/ui_opening_scene_trade_road_001.png using Guid(33cd4c995fd0410408f1a596deb0e0cb) (TextureImporter) -> (artifact id: '56ff164f19e3fa91df114abe9dbb67be') in 0.1028657 seconds
Start importing Assets/Resources/Art/UI/ui_opening_scene_demon_tower_001.png using Guid(538c76a5e2685324e9ce27fbfe9c3218) (TextureImporter) -> (artifact id: 'd374ee79a9352dd965f9368d28e649be') in 0.0927632 seconds
Start importing Assets/Art/UI/ui_transition_ink_wipe_001.png using Guid(63b29a2dcd3d5614597dc560f7b86cc7) (TextureImporter) -> (artifact id: '5fe2097b093d1799e5ba52d8cad1f3f4') in 0.0716109 seconds
Start importing Packages/com.unity.inputsystem/InputSystem/Editor/Icons/d_Gamepad@4x.png using Guid(83438053370c84456a73f7f95ef821fb) (TextureImporter) -> (artifact id: '9fc8a87e09bfed3dd92dd702bc340db1') in 0.0022132 seconds
Start importing Assets/Resources/Art/UI/ui_transition_ink_wipe_001.png using Guid(832503a84e7ca244f91db0f1c1c1b6a1) (TextureImporter) -> (artifact id: 'a2522b8a6161a1417cb2525137843e9d') in 0.0722994 seconds
Start importing Packages/com.unity.inputsystem/InputSystem/Editor/Icons/d_Keyboard.png using Guid(83382fb171da648c594229ca6fa7ad94) (TextureImporter) -> (artifact id: '70142994d0b7c6169e5223a78705a33f') in 0.0031298 seconds
Start importing Assets/Resources/Art/UI/ui_battle_card_frame_001.png using Guid(a3d8db5a0ab039c41b43a432dc0ba3ab) (TextureImporter) -> (artifact id: '957a91a99a899d8cda6c00e563f074e2') in 0.0034774 seconds
Start importing Packages/com.unity.inputsystem/InputSystem/Editor/Icons/Position@2x.png using Guid(a3fa73829479e4b41965e749fcca7c12) (TextureImporter) -> (artifact id: '46ae7dd29c922c761717e313f1bad138') in 0.0022898 seconds
Start importing Assets/Resources/Art/Scenes/scene_battle_thunder_marsh_entry_001.png using Guid(a33cb00c2e6b7434a8d8f7672d05b33a) (TextureImporter) -> (artifact id: '1a67f1f9e4c6539fe53d1f22ec4228c7') in 0.1168063 seconds
Start importing Packages/com.unity.ugui/Editor Resources/Textures/SectionHeader_Light.psd using Guid(e3b0f810fdea84e40ab4ba20f256f7e8) (TextureImporter) -> (artifact id: '4b6f78d90665a9122a597df12a33c486') in 0.0024028 seconds
Start importing Assets/Resources/Art/UI/ui_battle_status_brush_002.png using Guid(e374f7d9061149d98d3c81b4a5976054) (TextureImporter) -> (artifact id: '3b13cb7acc356ac334027449b013bb1c') in 0.0192447 seconds
Start importing Assets/Resources/Art/UI/ui_opening_item_bloodjade_001.png using Guid(e397c3fe46cdd9446b58a0867820fab3) (TextureImporter) -> (artifact id: 'b606089429d2a2d9fe3daff3ee3decc0') in 0.0880165 seconds
Start importing Assets/Art/UI/ui_root_confirm_seal_001.png using Guid(e34da06ef207cc840807206e825027c4) (TextureImporter) -> (artifact id: '975b9bfd49aaf8b8aaf60dbd08ba4a0b') in 0.027302 seconds
Start importing Assets/Art/UI/ui_opening_item_ember_talisman_case_001.png using Guid(f3b35ba85de5ce44c9d11789522597b7) (TextureImporter) -> (artifact id: '2724205da2c45fff1c4e058de4031ca2') in 0.0849485 seconds
Start importing Assets/Art/UI/ui_opening_scene_thunder_marsh_001.png using Guid(04ec53110d794ac40955a85e450d3574) (TextureImporter) -> (artifact id: 'cc89d0b064059e70c88900d9934f46bb') in 0.093249 seconds
Start importing Assets/Resources/Art/UI/ui_root_destiny_backdrop_001.png using Guid(24b9eb3abef2e7344a012701b41328a4) (TextureImporter) -> (artifact id: '4bd77d231be73a454904ed667c88054f') in 0.1171958 seconds
Start importing Packages/com.unity.inputsystem/InputSystem/Editor/Icons/d_Axis.png using Guid(34f9452ba2ee14c0b9c976800caef571) (TextureImporter) -> (artifact id: '53795a7f4eb29f7bacfa97c1e2e14ca1') in 0.0021449 seconds
Start importing Packages/com.unity.ugui/Editor Resources/Textures/btn_AlignRight.psd using Guid(342a0f8aca7f4f0691338912faec0494) (TextureImporter) -> (artifact id: '44b1b0db5153ad6ac4aa69929da1125c') in 0.0024408 seconds
Start importing Assets/Resources/Art/Scenes/scene_battle_cloudsea_001.png using Guid(44c0f2b524624bd18c87cc83fabc889c) (TextureImporter) -> (artifact id: '9c4ae4db31274856751b42cda174b7b0') in 0.0907566 seconds
Start importing Packages/com.unity.inputsystem/InputSystem/Editor/Icons/d_Interactive Binding@3x.png using Guid(542599ad529004327a7b18f7b2a4aeb8) (TextureImporter) -> (artifact id: '96a46bfd942d90050b14c97e0971e5f8') in 0.0023467 seconds
Start importing Packages/com.unity.ugui/Editor Resources/Textures/btn_AlignFlush_Light.psd using Guid(64b9fad609434c489c32b1cdf2004a1c) (TextureImporter) -> (artifact id: '0a36d67bc25f79df0ee9c07382ab15c5') in 0.0025759 seconds
Start importing Assets/Art/UI/ui_icon_codex_001.png using Guid(646a325df878478095b7afb531169d38) (TextureImporter) -> (artifact id: '3c1e5e7a1144903d526415f4415129f0') in 0.0031103 seconds
Start importing Assets/Resources/Art/Characters/char_player_sword_cultivator_001.png using Guid(64fddf82b2b119c41b07a2f054058cf6) (TextureImporter) -> (artifact id: 'a51ea78a32f78a9191f4de1f952841b6') in 0.0202683 seconds
Start importing Assets/Resources/Art/UI/ui_path_thunder_001.png using Guid(74d8fb934d511224482c313579ba2412) (TextureImporter) -> (artifact id: '3f7121262a7c2bfcb89262f00075804a') in 0.0988422 seconds
Start importing Assets/Resources/Art/UI/ui_path_thunder_002.png using Guid(74e93b883d596f04da23ad9186d56eff) (TextureImporter) -> (artifact id: '6aa9c6280632afaefbfe1b34e5631d66') in 0.1070349 seconds
Start importing Packages/com.unity.inputsystem/InputSystem/Editor/Icons/d_Touch.png using Guid(94fa2e214a138425e8afbbe1329e0b55) (TextureImporter) -> (artifact id: '8012148fcea496f3c6611b6a61c7fb54') in 0.002353 seconds
Start importing Packages/com.unity.inputsystem/InputSystem/Editor/AssetEditor/PackageResources/pro/actionTreeBackgroundWithoutBorder.png using Guid(943deaaee9c9347e0a455aa208526c42) (TextureImporter) -> (artifact id: '813e3314ce90d0c9ace67098e40b7c99') in 0.0023263 seconds
Start importing Packages/com.unity.inputsystem/InputSystem/Editor/Icons/Joystick@3x.png using Guid(a4610f64a5a4e4625b1ddbd44b04c5a6) (TextureImporter) -> (artifact id: '0ac00c573361212810a4aee9073d5af7') in 0.0024649 seconds
Start importing Packages/com.unity.inputsystem/InputSystem/Editor/Icons/TrackedPoseDriver.png using Guid(a4d5a38cb01e9c54aa75431f797059cb) (TextureImporter) -> (artifact id: '7b6d5255ab8172d1f09e15bac0357c82') in 0.0023789 seconds
Start importing Assets/Resources/Art/UI/ui_battle_intent_plate_001.png using Guid(a4b8d5f48ace446419cd9d78847e42a9) (TextureImporter) -> (artifact id: '4ee0c1778c0da3fdd3b657b0a6eed110') in 0.0074218 seconds
Start importing Packages/com.unity.inputsystem/InputSystem/Editor/Icons/d_Add Binding.png using Guid(a4bbff684804d4c84b61cd0256cd2360) (TextureImporter) -> (artifact id: '15027fb9fdcea8514071398b4c907933') in 0.0024028 seconds
Start importing Packages/com.unity.inputsystem/InputSystem/Editor/Icons/Position@3x.png using Guid(a43c2c10c85c448b584c8f2840f86915) (TextureImporter) -> (artifact id: 'dd8345c53e0a5603a77133addf968d9d') in 0.0025689 seconds
Start importing Packages/com.unity.inputsystem/InputSystem/Editor/Icons/Stick@3x.png using Guid(a4deca3e01bf64bfc9136f4cb3b41c9f) (TextureImporter) -> (artifact id: '88551d44159dca3a7a94564f5856f788') in 0.0027712 seconds
Start importing Packages/com.unity.inputsystem/InputSystem/Editor/Icons/d_InputControl@2x.png using Guid(c4235c4abfa134435bd4c8c1f8fd8c56) (TextureImporter) -> (artifact id: '50ff477d9d397072d91b7c800e604cd3') in 0.0031309 seconds
Start importing Packages/com.unity.inputsystem/InputSystem/Editor/AssetEditor/PackageResources/pro/actionTreeBackground.png using Guid(c4b66e31395c54087a2fbc13ae7e0f3c) (TextureImporter) -> (artifact id: '0c1e020858d0d3a0122ddd11b332faeb') in 0.0023735 seconds
Start importing Packages/com.unity.inputsystem/InputSystem/Editor/Icons/ChevronUp@4x.png using Guid(c4f7551c56dfb47a7a105b6579646d2f) (TextureImporter) -> (artifact id: 'a71d6e0e7dbca385c715bb6ab17a8475') in 0.0030105 seconds
Start importing Assets/Resources/Art/UI/ui_root_object_caravan_001.png using Guid(e424b60908ecbf7409915cb51c4af40b) (TextureImporter) -> (artifact id: 'dd90196a5713f89664bb583e957410b0') in 0.0636221 seconds
Start importing Packages/com.unity.inputsystem/InputSystem/Editor/Icons/d_ChevronUp@4x.png using Guid(e46ad23216d074f828f3437b21912c64) (TextureImporter) -> (artifact id: 'a65c6b1d6d2ca8d302f73801621bfff6') in 0.0029802 seconds
Start importing Packages/com.unity.inputsystem/InputSystem/Editor/Icons/d_Interactive Binding@4x.png using Guid(f4e6ca70dd9734da1a812be882c6364e) (TextureImporter) -> (artifact id: '6d89bbb4be605f291ada0d4112ea80c7') in 0.0027018 seconds
Start importing Packages/com.unity.inputsystem/InputSystem/Editor/Icons/Mouse@3x.png using Guid(05bbafd21bf3c4cca93cb8ddfbbd4070) (TextureImporter) -> (artifact id: '7b22dd2988e5869ea1e9d033a5953cb3') in 0.0027174 seconds
Start importing Assets/Art/UI/ui_opening_item_thunderbone_001.png using Guid(153be6d2a2dcb824385ce488f003bde0) (TextureImporter) -> (artifact id: '67ae15daf669008c63475bcc234d945b') in 0.0930881 seconds
Start importing Packages/com.unity.inputsystem/InputSystem/Editor/Icons/ChevronDown@2x.png using Guid(153c8e15f7f6c452ca50f6795813ed39) (TextureImporter) -> (artifact id: '1819053ee98749c174f3bca2c0812095') in 0.0026671 seconds
Start importing Packages/com.unity.inputsystem/InputSystem/Editor/Icons/d_Position@2x.png using Guid(2552e303d22424da2ad62552efbd06e8) (TextureImporter) -> (artifact id: '8b01d98631374b7254aff7b95969c916') in 0.0032307 seconds
Start importing Assets/Resources/Art/UI/ui_path_wanjian_002.png using Guid(3523e11f2f20f694b9f01f4bddf225a3) (TextureImporter) -> (artifact id: '62505e754a795dff7756ba37577f8384') in 0.103987 seconds
Start importing Packages/com.unity.ugui/Editor Resources/Textures/btn_AlignCenterGeo_Light.psd using Guid(35ff0937876540d3bd4b6a941df62a92) (TextureImporter) -> (artifact id: '23d447e80a5012ef19ec1bdb20ba5fc3') in 0.002725 seconds
Start importing Packages/com.unity.inputsystem/InputSystem/Editor/Icons/d_Stick.png using Guid(55040e210fa9b426b861a26909ab4de7) (TextureImporter) -> (artifact id: '3523f090868b467ac2ab8230926f0378') in 0.0029791 seconds
Start importing Packages/com.unity.inputsystem/InputSystem/Editor/Icons/Gamepad@4x.png using Guid(7543bb6341c2140f292c8c852e7a3bbf) (TextureImporter) -> (artifact id: '7feadae45ef9c2881ee23808819c5b90') in 0.0035087 seconds
Start importing Assets/Resources/Art/UI/ui_home_logo_seal_001.png using Guid(857541cf58d14c00833406990eff8912) (TextureImporter) -> (artifact id: '127e7373c62d52638222c5465a4b78b6') in 0.0303904 seconds
Start importing Assets/Art/UI/ui_path_thunder_003.png using Guid(85b5efad900953049adf10165e26d293) (TextureImporter) -> (artifact id: '3351a57681d661404955af84d8ff0629') in 0.1031325 seconds
Start importing Assets/Art/VFX/vfx_impact_ink_burst_001.png using Guid(95a447ec9a8320c4d9184cd8d43ed8b6) (TextureImporter) -> (artifact id: '1e2bc610407fd0789538b62c44b2b317') in 0.0141955 seconds
Start importing Packages/com.unity.inputsystem/InputSystem/Editor/Icons/Add Binding.png using Guid(958a10dec4f3a4764bb345b0aa03510b) (TextureImporter) -> (artifact id: '9127bdff1e05cab88dc9e4c419cfbc21') in 0.002075 seconds
Start importing Assets/Art/UI/ui_root_smoke_wisp_001.png using Guid(a52fb8056d7e8d645b1706c95f77b2dc) (TextureImporter) -> (artifact id: '7342dcdb612286c6a0c49fff527af785') in 0.009174 seconds
Start importing Assets/Resources/Art/UI/ui_opening_scene_ancestral_vault_001.png using Guid(b5bc90b482839034ab8d307baa04394b) (TextureImporter) -> (artifact id: 'f8b03f1bea5acb528ac4a516e4c1b454') in 0.1026 seconds
Start importing Packages/com.unity.inputsystem/InputSystem/Editor/Icons/d_Position.png using Guid(c5bdeae4dabac4bf19f7a1afcf5ca678) (TextureImporter) -> (artifact id: 'e15635c215148977ade132dbdac7c28e') in 0.0022417 seconds
Start importing Packages/com.unity.inputsystem/InputSystem/Editor/Icons/Joystick@4x.png using Guid(f58c918f135bd4b8abe5fdb06bda7f4d) (TextureImporter) -> (artifact id: '772fba0acfca8c7802cd0c6a6ed31ee9') in 0.0023544 seconds
Start importing Packages/com.unity.inputsystem/InputSystem/Editor/Icons/Stick@4x.png using Guid(f5ace3d653812436a812bebfe7f9a242) (TextureImporter) -> (artifact id: '7eace7ab31da0b7933777e841ac4908c') in 0.0023667 seconds
Start importing Packages/com.unity.ugui/Editor Resources/Textures/btn_AlignMiddle_Light.psd using Guid(066619c9c9c84f89acb1b48c11a7efe2) (TextureImporter) -> (artifact id: 'f877ccaea4008b2f9617e1be1f2a7bc0') in 0.0026169 seconds
Start importing Packages/com.unity.inputsystem/InputSystem/Editor/Icons/d_ChevronDown.png using Guid(06ad495fb07444736b59782982d96250) (TextureImporter) -> (artifact id: '57cffb4e6f5e38fd1f701247295a154d') in 0.0027042 seconds
Start importing Assets/Art/VFX/vfx_flying_sword_001.png using Guid(16aacdf9621700b42aa0fb967c58c02c) (TextureImporter) -> (artifact id: '2013c30c391f6743566224a9474cd461') in 0.0068286 seconds
Start importing Assets/Resources/Art/UI/ui_header_cloudband_001.png using Guid(26fe16135c8b8454fb947bfa3db42426) (TextureImporter) -> (artifact id: 'da0f9e568206d8f81854cfa748c6bf3e') in 0.0962082 seconds
Start importing Packages/com.unity.inputsystem/InputSystem/Editor/Icons/d_Mouse.png using Guid(264ffc05d7d2841d5a6065854b6282ca) (TextureImporter) -> (artifact id: 'caa2d7c9b17c62fc51076277985f6cf3') in 0.0022003 seconds
Start importing Assets/Resources/Art/UI/ui_path_blood_001.png using Guid(36e38fa1d3a5dfc48b6e9a3f1690b043) (TextureImporter) -> (artifact id: 'f327ef082f125af91459cb78232e33ba') in 0.1101123 seconds
Start importing Packages/com.unity.inputsystem/InputSystem/Editor/Icons/Position.png using Guid(5684eb521fa99491e9061de682d1622e) (TextureImporter) -> (artifact id: '7986a72ec4ec75a2b5216fbd9e0618ca') in 0.0021674 seconds
Start importing Assets/Art/Characters/char_enemy_tribulation_wraith_battle_002.png using Guid(560bf64a6b6622d41b8f881ba086cd9f) (TextureImporter) -> (artifact id: '0d9a70dd9f27c96f0cdaf5713a7e0ef5') in 0.0132048 seconds
Start importing Assets/Resources/Art/UI/ui_battle_header_ribbon_001.png using Guid(66c39a2d8705fba49a14f1ca043c06d6) (TextureImporter) -> (artifact id: 'cdb54a8c5baa7dbb41f41c7ea89bb5f9') in 0.0109044 seconds
Start importing Assets/Art/UI/ui_path_thunder_002.png using Guid(662c1dbc51f307e41950e9d5aa623deb) (TextureImporter) -> (artifact id: 'cd5be988aa1f2c9d79db906ffc086fe5') in 0.1037582 seconds
Start importing Packages/com.unity.inputsystem/InputSystem/Editor/Icons/d_Gamepad.png using Guid(76dc61ff6c2d84b24b0a2ce01dc2842d) (TextureImporter) -> (artifact id: '801907bffc6843a335d34dd6cfa73c80') in 0.0023641 seconds
Start importing Packages/com.unity.inputsystem/InputSystem/Editor/Icons/Add Binding@4x.png using Guid(862c5ca31844d4a6d9aa804af982ce65) (TextureImporter) -> (artifact id: '7b6b81e9afa2006480ecc956ce711609') in 0.0024255 seconds
Start importing Assets/Art/Characters/char_player_sword_cultivator_battle_002.png using Guid(96a3b21a5bdd5d946af56a72647bd8a6) (TextureImporter) -> (artifact id: '2cb206483de523bfda3fe8071c40fef7') in 0.0133327 seconds
Start importing Packages/com.unity.inputsystem/InputSystem/Editor/Icons/d_Pen@2x.png using Guid(96f7582a52a6843c09e0c71617e94f2d) (TextureImporter) -> (artifact id: '6be5ab9fc6f96b6d9a1045bc688d3e72') in 0.0022701 seconds
Start importing Assets/Resources/Art/UI/ui_home_title_calligraphy_001.png using Guid(b6e27d38a9f74b6c8fd50e31847db19a) (TextureImporter) -> (artifact id: 'f8bd8bd65768a2d0431973a2cec623e9') in 0.0313592 seconds
Start importing Packages/com.unity.inputsystem/InputSystem/Editor/Icons/d_Dpad.png using Guid(b60b9eb0384c345c89435d0982a6e4fd) (TextureImporter) -> (artifact id: '62e710acc65b25eb630c5b5544619079') in 0.0024419 seconds
Start importing Assets/Art/Scenes/scene_battle_cloudsea_mid_001.png using Guid(c6f65fd9705340a499d74a6fed34feef) (TextureImporter) -> (artifact id: '53c57419ca05754de7941070a036ada8') in 0.0911317 seconds
Start importing Assets/Resources/Art/UI/ui_panel_scroll_dark_001.png using Guid(e683fa4f84a65b14b81af09223bbc277) (TextureImporter) -> (artifact id: '043033c3234c2afa3a701ef18f590200') in 0.0583359 seconds
Start importing Assets/Resources/Art/UI/ui_opening_scene_select_backdrop_001.png using Guid(f6fd8a02967d8344b8dc5329d5a0ba0a) (TextureImporter) -> (artifact id: 'eb23658cde6894009c3b781d4fa6e4fc') in 0.1186436 seconds
Start importing Assets/Resources/Art/VFX/vfx_impact_ink_burst_001.png using Guid(076cacb7589707d438da4abbb5b35d26) (TextureImporter) -> (artifact id: '563168b0849a8af4b3088343bfdfb947') in 0.0113439 seconds
Start importing Packages/com.unity.inputsystem/InputSystem/Editor/Icons/d_Pen@3x.png using Guid(17b3fef87d666459d860ad88452862da) (TextureImporter) -> (artifact id: 'ef871d46590c7fbd57e7c0b59fde5439') in 0.0023731 seconds
Start importing Packages/com.unity.inputsystem/InputSystem/Editor/Icons/Gamepad.png using Guid(17c8753d0e5e24194b06404851be7f13) (TextureImporter) -> (artifact id: 'f7fb989ca8475391de02191a24af8991') in 0.0022155 seconds
Start importing Assets/Art/UI/ui_home_hero_ink_001.png using Guid(174e433539166d843b4a879f788a5aca) (TextureImporter) -> (artifact id: '7b78efe7900be0a45cae6412a5515b52') in 0.1422825 seconds
Start importing Packages/com.unity.inputsystem/InputSystem/Editor/Icons/d_Axis@2x.png using Guid(27163f3cda5b9431d928f2b33eeb5cf1) (TextureImporter) -> (artifact id: 'ab6412a1c09765f24798b1b0dab621a2') in 0.0022817 seconds
Start importing Packages/com.unity.inputsystem/InputSystem/Editor/Icons/d_Joystick@2x.png using Guid(27fa98be5deb54cbf9c11ffc540272b2) (TextureImporter) -> (artifact id: 'd094f94c62d4d419fe5c00b84dad7332') in 0.0023908 seconds
Start importing Packages/com.unity.inputsystem/InputSystem/Editor/AssetEditor/PackageResources/yellow.png using Guid(47cf506b4219343519083fe1c0b8fc9c) (TextureImporter) -> (artifact id: '86209be9d9b92f3155dd4900f2d8f7c5') in 0.0021638 seconds
Start importing Assets/Resources/Art/UI/ui_transition_speed_lines_001.png using Guid(57967beb09e80ea4d85bd4d0832b476a) (TextureImporter) -> (artifact id: '73713900b05107af9f855bae0310c6e1') in 0.0750823 seconds
Start importing Packages/com.unity.inputsystem/InputSystem/Editor/Icons/ChevronUp@2x.png using Guid(57dfdce0eaf2f48a9bd9e60e920e446b) (TextureImporter) -> (artifact id: '7caad9ab0bfd726ce0a3f6f40c7d9e64') in 0.002599 seconds
Start importing Assets/Art/UI/ui_path_blood_001.png using Guid(87db083fcfba2b7448cd7c1cc449b9fd) (TextureImporter) -> (artifact id: 'ca932b0af45b9174811b5390dbe1f6ad') in 0.0954793 seconds
Start importing Packages/com.unity.inputsystem/InputSystem/Editor/Icons/Keyboard@2x.png using Guid(87ae93efe5d3b4262995b0acdc987d88) (TextureImporter) -> (artifact id: '8b4f40ad5c1a2cb585e15335d216ed69') in 0.0022245 seconds
Start importing Packages/com.unity.inputsystem/InputSystem/Editor/Icons/Mouse@2x.png using Guid(9721efa02e520488d96c36460fe7e4a6) (TextureImporter) -> (artifact id: '6a3ef6cb304f9b0814c0fc32daa24e6b') in 0.0022345 seconds
Start importing Packages/com.unity.ugui/Editor Resources/Gizmos/TMP - Dropdown Icon.psd using Guid(a7ec9e7ad8b847b7ae4510af83c5d868) (TextureImporter) -> (artifact id: '44855fa574f625e149784d001310b8f1') in 0.0031199 seconds
Start importing Assets/Art/UI/ui_opening_item_swordcase_001.png using Guid(c7374a410b48b3246a1b42787964e71e) (TextureImporter) -> (artifact id: '49e82b1d12e77e153a0b6e5bc934f3ac') in 0.0906805 seconds
Start importing Packages/com.unity.ugui/Editor Resources/Textures/btn_AlignCenterGeo.psd using Guid(c76700ea0062413d9f69409b4e9e151b) (TextureImporter) -> (artifact id: '7a6b614f473d4cc99f49fb2bf21c3aa9') in 0.0023297 seconds
Start importing Packages/com.unity.inputsystem/InputSystem/Editor/AssetEditor/PackageResources/pink.png using Guid(d7b144323984d4298924c65ed071dea1) (TextureImporter) -> (artifact id: 'a11aacdfa7f5b52e0210458805fb18a2') in 0.002016 seconds
Start importing Packages/com.unity.inputsystem/InputSystem/Editor/Icons/Dpad@4x.png using Guid(d7073cfe15a1a48bfb7ff59225052484) (TextureImporter) -> (artifact id: 'ef5a46dc94f692727ef82da1e26abbe4') in 0.00247 seconds
Start importing Assets/Resources/Art/Scenes/scene_battle_cloudsea_near_001.png using Guid(d7186587e7bb4e9fb8724bade5ebb5c3) (TextureImporter) -> (artifact id: '13d99d72c7c9aec46be6497e8b7e4de0') in 0.0473227 seconds
Start importing Packages/com.unity.inputsystem/InputSystem/Editor/Icons/d_Touch@3x.png using Guid(e77ee65b5139048949dc0ac5614efeec) (TextureImporter) -> (artifact id: '788620b3b97485d3682f23974c86332e') in 0.002196 seconds
Start importing Packages/com.unity.inputsystem/InputSystem/Editor/Icons/Dpad.png using Guid(e76f0489d4db34a2fbc3532e07f2848a) (TextureImporter) -> (artifact id: 'f61c0e7875515adbd8add6e9a80973bf') in 0.0020779 seconds
Start importing Assets/Resources/Art/Characters/char_enemy_tribulation_wraith_battle_002.png using Guid(08f53fe0c42a1054cb44cc70be3f16da) (TextureImporter) -> (artifact id: '919c26830797144daafd2d7d565e4ae8') in 0.0117804 seconds
Start importing Packages/com.unity.inputsystem/InputSystem/Editor/Icons/InputControl@4x.png using Guid(08c99f7c2a7fa410d8567323e32ad5f5) (TextureImporter) -> (artifact id: 'e69adbd26bb64d25369d099690698a83') in 0.0021478 seconds
Start importing Assets/Resources/Art/UI/ui_battle_status_plate_001.png using Guid(082dd726924c19f42b350ab73b993824) (TextureImporter) -> (artifact id: '262f091ba30aee6e978b3f070f01dc00') in 0.0053868 seconds
Start importing Packages/com.unity.inputsystem/InputSystem/Editor/Icons/Joystick@2x.png using Guid(18e45e1f11fae429c80c200cca8e0b4c) (TextureImporter) -> (artifact id: '78c652e0823521661b4edc96ca1eeaa5') in 0.0022331 seconds
Start importing Packages/com.unity.ugui/Editor Resources/Textures/btn_AlignBaseLine_Light.psd using Guid(18775b51e3bd42299fd30bd036ea982f) (TextureImporter) -> (artifact id: 'cb253a158623195580620c35f442224f') in 0.0024273 seconds
Start importing Assets/Resources/Art/Scenes/scene_battle_cloudsea_mid_001.png using Guid(2871824a267ceb245a6e85b7a318049d) (TextureImporter) -> (artifact id: '7d1de0dc8a5928e4c8815dbe1463897a') in 0.0693256 seconds
Start importing Assets/Resources/Art/UI/ui_btn_home_primary_001.png using Guid(286d3c52cc884748bcbde565d772f971) (TextureImporter) -> (artifact id: '7f2955a3f657e5e55a4eb661a8096e6f') in 0.0077652 seconds
Start importing Packages/com.unity.ugui/Editor Resources/Textures/btn_AlignTop.psd using Guid(48d034c499ee4697af9dd6e327110249) (TextureImporter) -> (artifact id: '3bbd506cc1120ed8cc3aad9a4be79bb1') in 0.0023739 seconds
Start importing Packages/com.unity.inputsystem/InputSystem/Editor/Icons/Touch.png using Guid(588041e6f0efb43489b38677e0aac58f) (TextureImporter) -> (artifact id: '8d5ebdb46c8316a1bb26dd97b58a8eec') in 0.0020511 seconds
Start importing Packages/com.unity.inputsystem/InputSystem/Editor/Icons/Stick@2x.png using Guid(5881d226463a047cb8db57c9cb0ebc0f) (TextureImporter) -> (artifact id: '821877057cccf6ce04947010e3ecf067') in 0.0021404 seconds
Start importing Assets/Art/UI/ui_root_destiny_scene_tea_desk_001.png using Guid(5802eccf1830e2d4ea351942d9cffacf) (TextureImporter) -> (artifact id: '9502ab598ebe0433f3279c183da1853a') in 0.1272887 seconds
Start importing Packages/com.unity.inputsystem/InputSystem/Editor/Icons/Dpad@2x.png using Guid(5806833d077654e5784b7cbf3e722f58) (TextureImporter) -> (artifact id: '94d87dd156e4c4785b7c739fb501a56b') in 0.0023811 seconds
Start importing Assets/Resources/Art/UI/ui_opening_scene_trade_road_001.png using Guid(58b85c2637576de44b9b0319e54d8d40) (TextureImporter) -> (artifact id: 'da71a9d68ce89c808c9e210533f7b44d') in 0.1005917 seconds
Start importing Packages/com.unity.ugui/Editor Resources/Textures/btn_AlignBottom_Light.psd using Guid(585b70cb75dd43efbfead809c30a1731) (TextureImporter) -> (artifact id: 'cdc68e6bee8c06a0713cd4a449611a9b') in 0.0024985 seconds
Start importing Assets/Art/VFX/vfx_sword_slash_001.png using Guid(581db6641b2fe4f4581e1bfaf0f8eded) (TextureImporter) -> (artifact id: '61a1d0e4c5b50460a58facfa67563c48') in 0.0126767 seconds
Start importing Assets/Resources/Art/UI/ui_opening_scene_old_mine_001.png using Guid(78ff8d344e9ad14459ff883dd3670a40) (TextureImporter) -> (artifact id: 'd43a51c45adc51415e46d9c9cc88f8d0') in 0.094929 seconds
Start importing Assets/Resources/Art/UI/ui_opening_scene_thunder_marsh_001.png using Guid(88c7f1a48dac2544ba5e77ea0034e997) (TextureImporter) -> (artifact id: '73ce091a1d42ef4a1e13171c3bc7d3b6') in 0.102715 seconds
Start importing Assets/Art/UI/ui_battle_status_plate_001.png using Guid(98b9520ebe0bec44a84b3115c0de73a4) (TextureImporter) -> (artifact id: 'ae8e60e950df8995af858694d42d8733') in 0.0061152 seconds
Start importing Packages/com.unity.inputsystem/InputSystem/Editor/Icons/ChevronDown@3x.png using Guid(985cbca1705a64c80b370afdb30b3ee7) (TextureImporter) -> (artifact id: '3a15ea902b7f7ae57e867ced8d69b13b') in 0.0023676 seconds
Start importing Packages/com.unity.inputsystem/InputSystem/Editor/Icons/d_ChevronUp@2x.png using Guid(a89bfcdeffde84e7ebf930d44b695435) (TextureImporter) -> (artifact id: '0348a73dee86b8a124426e95aa277f2f') in 0.0022537 seconds
Start importing Assets/Resources/Art/UI/ui_btn_home_secondary_001.png using Guid(b87c3e267de44f8285a676d230e9c40f) (TextureImporter) -> (artifact id: '34e3a3ee946d420a7cdad605f1a5fa66') in 0.0081895 seconds
Start importing Assets/Art/Characters/char_player_sword_cultivator_portrait_002.png using Guid(d883352688caf2f429f33b4b8c3edf94) (TextureImporter) -> (artifact id: '23c2d5ff67f31b1010a6c1d0d08b9fdd') in 0.0051956 seconds
Start importing Packages/com.unity.inputsystem/InputSystem/Editor/Icons/d_Joystick@4x.png using Guid(d88596134c72c47b99d7d55583f4c6bf) (TextureImporter) -> (artifact id: '9a98642edb5ce168f43b17af2c745fdf') in 0.0025603 seconds
Start importing Packages/com.unity.inputsystem/InputSystem/Editor/Icons/d_Button@2x.png using Guid(0962795d1cafc460b9027de55b1c0a80) (TextureImporter) -> (artifact id: '856459c0e23ad74645a2a488b48da009') in 0.0024417 seconds
Start importing Assets/Art/UI/ui_opening_scene_demon_tower_001.png using Guid(09d6e6ede3cde7a4784838d2a7d09c43) (TextureImporter) -> (artifact id: 'bd29815fba368f0d72a1c70cd2680e4b') in 0.1045931 seconds
Start importing Packages/com.unity.inputsystem/InputSystem/Editor/Icons/d_Mouse@4x.png using Guid(1918e7bff8ff44878a0003977ca03971) (TextureImporter) -> (artifact id: 'b0ceb5d25eec0033b9052c59a1ed5872') in 0.0027299 seconds
Start importing Packages/com.unity.inputsystem/InputSystem/Editor/Icons/d_InputControl.png using Guid(399cd90f4e31041e692a7d3a8b1aa4d0) (TextureImporter) -> (artifact id: '9e923c1658cdc61f5ff4fa1461f7fa07') in 0.0023473 seconds
Start importing Packages/com.unity.ugui/Editor Resources/Textures/btn_AlignCapLine_Light.psd using Guid(49679f302ac6408697f6b9314a38985c) (TextureImporter) -> (artifact id: 'a4433b5130a75a7c0f7351108faead18') in 0.0026496 seconds
Start importing Packages/com.unity.ugui/Editor Resources/Textures/btn_AlignFlush.psd using Guid(691475c57a824010be0c6f474caeb7e1) (TextureImporter) -> (artifact id: '91a937500db9815e2bab2c78039fc1f6') in 0.0029533 seconds
Start importing Assets/Art/UI/ui_icon_exit_001.png using Guid(69bbefc491b54091a1d27bd3efae1a39) (TextureImporter) -> (artifact id: '7e5dbf6da2da0bceb5ec2896c949915e') in 0.0033509 seconds
Start importing Assets/Art/UI/ui_root_object_caravan_001.png using Guid(899c092f09d1c344ebde079ad3da839f) (TextureImporter) -> (artifact id: '070c13a3bd09de2cf4379edad3d312f3') in 0.0652292 seconds
Start importing Packages/com.unity.inputsystem/InputSystem/Editor/Icons/Axis@4x.png using Guid(a940917cc397643afb071010cb2143d9) (TextureImporter) -> (artifact id: 'f8364a8767b19645057714ea209fb020') in 0.0023253 seconds
Start importing Packages/com.unity.inputsystem/InputSystem/Editor/Icons/ChevronUp.png using Guid(a9fe7c3d19af4432b9ae2a5172f4ea72) (TextureImporter) -> (artifact id: '313e916f01b3720f299047b3cc6c4519') in 0.0022896 seconds
Start importing Assets/Art/UI/ui_opening_item_protective_jade_001.png using Guid(b90150e8c56cdcc4aacfa628a42a2a70) (TextureImporter) -> (artifact id: 'd9ea10664875658e62fe815e49b47e2e') in 0.0984421 seconds
Start importing Assets/Art/Boss/boss_tianjie_halfbody_001.png using Guid(b915c3a95c5c487f99b5a0cf3286d218) (TextureImporter) -> (artifact id: '076c725f140e411fe86d8466e40f7f51') in 0.052757 seconds
Start importing Packages/com.unity.inputsystem/InputSystem/Editor/Icons/d_Orientation.png using Guid(c933c2bcad7ef46309fde7c1cf11b39a) (TextureImporter) -> (artifact id: 'b59e6d23d024cc762e093d6409e834bd') in 0.0020607 seconds
Start importing Packages/com.unity.inputsystem/InputSystem/Editor/Icons/Position@4x.png using Guid(c998b283038914e699477f514ecb31ac) (TextureImporter) -> (artifact id: '5044ee43dbb42f0437c2ed642d6ba536') in 0.0022915 seconds
Start importing Assets/Resources/Art/UI/ui_root_lot_tag_002.png using Guid(e9dcd6d5164d4367819d59a90c8c4272) (TextureImporter) -> (artifact id: '618ac2067477ccd82aaa08a634380db9') in 0.0086594 seconds
Start importing Packages/com.unity.inputsystem/InputSystem/Editor/Icons/d_Pen@4x.png using Guid(0aec7c7bf99354f66bc2a1d18bd0b4d2) (TextureImporter) -> (artifact id: '225979d938d215dc3dd6fe95eb0fdb56') in 0.0022731 seconds
Start importing Assets/Resources/Art/VFX/vfx_thunder_sword_break_001.png using Guid(2a117bc9f2b3438892e2b256d8cf873d) (TextureImporter) -> (artifact id: 'c233de20f855f97ca45aaa24d2d7f824') in 0.0190388 seconds
Start importing Packages/com.unity.inputsystem/InputSystem/Editor/Icons/Button.png using Guid(2a5d0a7febdc741039abf135883517e5) (TextureImporter) -> (artifact id: '8c4829ad825651cc60a778e5e051e906') in 0.0022025 seconds
Start importing Assets/Art/UI/ui_battle_hand_shelf_001.png using Guid(3ac95a6370a5d614fa2fc0253de88a08) (TextureImporter) -> (artifact id: '95d673b9edc1991a093482c8bbc43f07') in 0.0371784 seconds
Start importing Packages/com.unity.inputsystem/InputSystem/Editor/Icons/Gamepad@3x.png using Guid(4ae0b2f68c2464272b1b10105262b09b) (TextureImporter) -> (artifact id: 'c1661d92b12da82154df6b4963c2623c') in 0.0020746 seconds
Start importing Packages/com.unity.inputsystem/InputSystem/Editor/Icons/d_Add Binding@4x.png using Guid(4a0ce0eda6ee74c669b13104649e1313) (TextureImporter) -> (artifact id: 'e3446623f5f519df7439008420bcbc2e') in 0.0021584 seconds
Start importing Assets/Resources/Art/UI/ui_root_object_servant_001.png using Guid(4a0f7e8e31a1b9e4ebdd60f7086e7437) (TextureImporter) -> (artifact id: '2a8cc6788981636b37cce23d611b7175') in 0.0561894 seconds
Start importing Assets/Art/UI/ui_root_object_smith_001.png using Guid(4affdb5b7f79fe6498e178bf66fd5706) (TextureImporter) -> (artifact id: '1bd81cd4d6d5a0f315dffaefc5af518f') in 0.0598538 seconds
Start importing Packages/com.unity.inputsystem/InputSystem/Editor/AssetEditor/PackageResources/personal/foldoutBackground.png using Guid(5ab69704aa4984b49bc426da72fabbed) (TextureImporter) -> (artifact id: 'cf7466ab855c27d3b576091ba69660db') in 0.0020817 seconds
Start importing Assets/Art/UI/ui_battle_card_frame_001.png using Guid(5a692b5814ab30a4489b24b8ddba8619) (TextureImporter) -> (artifact id: '26f2767920b21fb058172682b56f4f60') in 0.0039387 seconds
Start importing Packages/com.unity.inputsystem/InputSystem/Editor/Icons/Keyboard.png using Guid(5a5b9538c3aaa4587856e68a93a92a51) (TextureImporter) -> (artifact id: 'dac201febe57fb17752257e72ef0e703') in 0.0020674 seconds
Start importing Packages/com.unity.inputsystem/InputSystem/Editor/Icons/MultiplayerEventSystem@64.png using Guid(6a237171e2346e3458db37eb0f90d42b) (TextureImporter) -> (artifact id: '2e27583ddafbbc4eae11e0410a19b533') in 0.002601 seconds
Start importing Assets/Art/Characters/char_enemy_tribulation_wraith_001.png using Guid(6ad423fb38451984d8c11a3c17b34ace) (TextureImporter) -> (artifact id: 'a915ca0fb57d79ebb7a8425d418f623d') in 0.0247942 seconds
Start importing Packages/com.unity.ugui/Editor Resources/Textures/btn_AlignCenter_Light.psd using Guid(6ace62d30f494c948b71d5594afce11d) (TextureImporter) -> (artifact id: 'ee89307028103c8980418d3c9702bdd6') in 0.0023177 seconds
Start importing Assets/Resources/Art/UI/ui_battle_enemy_plate_001.png using Guid(8ac0f615aef3c5748af7436e0cbbf74b) (TextureImporter) -> (artifact id: '0be7ee40032670660fb0a4ab3e7a1258') in 0.0064229 seconds
Start importing Packages/com.unity.inputsystem/InputSystem/Editor/Icons/Touch@3x.png using Guid(9ad5d5b6a25b749e78b4950eae0a8ec2) (TextureImporter) -> (artifact id: '5e14b8603a9aff2441d8e59b7a0c57df') in 0.0021662 seconds
Start importing Assets/Art/UI/ui_root_confirm_seal_002.png using Guid(9a7d1f0cce7e4dd18f31e6f44f7812b3) (TextureImporter) -> (artifact id: 'eb3ff6cf5b16e32dc43c013a71a4b659') in 0.0086295 seconds
Start importing Packages/com.unity.inputsystem/InputSystem/Editor/Icons/Button@4x.png using Guid(aa356632480554016ab8f4200032981b) (TextureImporter) -> (artifact id: 'da62bfad65c09b6831488cfeee0e6c88') in 0.002222 seconds
Start importing Packages/com.unity.inputsystem/InputSystem/Editor/AssetEditor/PackageResources/personal/propertiesBackground.png using Guid(aa4c2360f910d46f497f75b4b6677358) (TextureImporter) -> (artifact id: 'cd9d06084a4cff94dcda305f726c2d97') in 0.0019256 seconds
Start importing Packages/com.unity.inputsystem/InputSystem/Editor/Icons/ChevronDown.png using Guid(ba304f5556a3a4fac98d126883083e7e) (TextureImporter) -> (artifact id: '4914bd5f17cf2729b09b17b25a89b106') in 0.0025385 seconds
Start importing Assets/Resources/Art/VFX/vfx_sword_slash_001.png using Guid(ba8d370959f987b418b02f8ddd9cd8f5) (TextureImporter) -> (artifact id: '87a39f1590e7d13b64529a744b97e7dd') in 0.0100655 seconds
Start importing Packages/com.unity.ugui/Editor Resources/Textures/btn_AlignBottom.psd using Guid(ca51b19024094d1b87f3e07edb0a75fb) (TextureImporter) -> (artifact id: '36f00aa8ec77d95de8993c798e11a4ab') in 0.0023088 seconds
Start importing Assets/Resources/Art/UI/ui_home_hero_ink_001.png using Guid(ca83a02fb739ae140855b652323dd1e2) (TextureImporter) -> (artifact id: '551697cedd3af19d55b177459805fb15') in 0.128347 seconds
Start importing Packages/com.unity.inputsystem/InputSystem/Editor/Icons/d_Add Binding@3x.png using Guid(ca933a91c81734ddd88b17c8481ec1e9) (TextureImporter) -> (artifact id: '2dda6cc75b4d229ef3b79b9a3334dd78') in 0.0021999 seconds
Start importing Packages/com.unity.inputsystem/InputSystem/Editor/Icons/Interactive Binding@3x.png using Guid(cac8742b1b72b44699fd1663287ca47d) (TextureImporter) -> (artifact id: 'ec20144bbb51e17ecaa0e3dcad45d018') in 0.0020867 seconds
Start importing Packages/com.unity.inputsystem/InputSystem/Editor/Icons/d_Orientation@2x.png using Guid(cae83450c8b18499c8c0239edf8bcc31) (TextureImporter) -> (artifact id: 'f9017d82ba4723652e1db08223282172') in 0.0026357 seconds
Start importing Assets/Art/UI/ui_path_wanjian_001.png using Guid(ca7a27aad94f4494dab66d4cd23792ed) (TextureImporter) -> (artifact id: '13e28ad69bf2f21129131419fd45f899') in 0.0892102 seconds
Start importing Assets/Art/UI/ui_battle_status_brush_002.png using Guid(cacb80d39b79428992b223efef86b61f) (TextureImporter) -> (artifact id: '101c23a2045ff50baf580457ae52794f') in 0.0190766 seconds
Start importing Packages/com.unity.inputsystem/InputSystem/Editor/Icons/d_Mouse@2x.png using Guid(daa9ba527d8a34b218224b8287ce11d3) (TextureImporter) -> (artifact id: 'b897ebdad3aae07509528a0c10ba163a') in 0.0022615 seconds
Start importing Packages/com.unity.inputsystem/InputSystem/Editor/Icons/Pen.png using Guid(ea8b7319643924985a9ee4ca18b8db59) (TextureImporter) -> (artifact id: '187503b3a0c692f8708554fd14b6161a') in 0.0019174 seconds
Start importing Assets/Resources/Art/UI/ui_battle_phase_seal_002.png using Guid(ea4cc93a4f186a340bf79d4eed5937fd) (TextureImporter) -> (artifact id: 'fad8f6f766bd52d2dce7ddc03a6f8216') in 0.0379364 seconds
Start importing Assets/Art/UI/ui_battle_action_button_001.png using Guid(faa57fcfb40e39844b66e18d4c390f83) (TextureImporter) -> (artifact id: '05ec07f50edc5b9fa3be3b51cfe90736') in 0.0031383 seconds
Start importing Packages/com.unity.ugui/Editor Resources/Textures/btn_AlignJustified_Light.psd using Guid(fa6bd40a216346b783a4cce741d277a5) (TextureImporter) -> (artifact id: 'ef9377a52f518ddcfbc0557f856ef176') in 0.0026646 seconds
Start importing Assets/Resources/Art/UI/ui_root_smoke_wisp_002.png using Guid(0bc90e3a1c134dfe9c0f8e6eaa4a6512) (TextureImporter) -> (artifact id: '9f4beabb1feebb5da6045f329eefb03a') in 0.0091815 seconds
Start importing Packages/com.unity.inputsystem/InputSystem/Editor/Icons/Pen@3x.png using Guid(1bf9cdd4bc492489c8c7c6190785fc48) (TextureImporter) -> (artifact id: '5840835590970e7a659ac1cd8f415b4f') in 0.0022581 seconds
Start importing Assets/Resources/Art/UI/ui_root_confirm_seal_001.png using Guid(2b9c740a62e89364691300305afb5aa8) (TextureImporter) -> (artifact id: '3b00b21c622691edf730088fe6f227a6') in 0.0264055 seconds
Start importing Packages/com.unity.inputsystem/InputSystem/Editor/Icons/d_Interactive Binding@2x.png using Guid(3b78dc1763429489c9a1c70faf4f9a0e) (TextureImporter) -> (artifact id: '989d0231ebbf3bced2e31ecd5603eba4') in 0.00221 seconds
Start importing Assets/Art/UI/ui_root_lot_tag_001.png using Guid(4b168ccf53a9cff4bae9dbe56f8e9715) (TextureImporter) -> (artifact id: '23235f4463adb4a205a94249a00dea59') in 0.0174122 seconds
Start importing Assets/Art/UI/ui_transition_speed_lines_001.png using Guid(5b9d67c689bf80941bcdaa1440fa8403) (TextureImporter) -> (artifact id: 'f1f3a730181a511d931b7471f4a417b0') in 0.0641742 seconds
Start importing Packages/com.unity.inputsystem/InputSystem/Editor/Icons/TrackedPoseDriver@4x.png using Guid(7b8bfaee8f8631c4789ac62373cbc2d4) (TextureImporter) -> (artifact id: '8e0145504ba61b7c06f1482dee6d5a58') in 0.0034994 seconds
Start importing Packages/com.unity.inputsystem/InputSystem/Editor/Icons/Add Binding@3x.png using Guid(8be1fbf4b24de44c99840805bdae9e40) (TextureImporter) -> (artifact id: 'c2341af6149642dc398b2c831087ec9d') in 0.0022777 seconds
Start importing Packages/com.unity.ugui/Editor Resources/Textures/btn_AlignBaseLine.psd using Guid(8bc445bb79654bf496c92d0407840a92) (TextureImporter) -> (artifact id: 'bfba965d177fd6db2d7d43a88e76d58b') in 0.0027147 seconds
Start importing Assets/Art/UI/ui_icon_settings_001.png using Guid(8bc83c72378f4a848c3419fb1d5e7764) (TextureImporter) -> (artifact id: '5d7f4f65ccb59089229346cff32e39c6') in 0.0048744 seconds
Start importing Assets/Art/UI/ui_root_destiny_scene_tea_desk_002.png using Guid(ab82f3e62fb4417d9fc3b23fa42b8713) (TextureImporter) -> (artifact id: 'a26fd65a14060f89333cc812423b9ef8') in 0.1072181 seconds
Start importing Packages/com.unity.inputsystem/InputSystem/Editor/Icons/d_Dpad@2x.png using Guid(ab9b5824ece1d443aa1f3a5672d9da86) (TextureImporter) -> (artifact id: '0269ae8629d0a0c22ad96952cc7ebb77') in 0.0023817 seconds
Start importing Assets/Art/Scenes/scene_battle_thunder_marsh_entry_001.png using Guid(bb505aeafabfe0f4d940a55761337525) (TextureImporter) -> (artifact id: '1aa14647eb3265dceb1745b46c28628d') in 0.1185246 seconds
Start importing Packages/com.unity.ugui/Editor Resources/Textures/btn_AlignMidline_Light.psd using Guid(bb42b2d967d6427983c901a4ffc8ecd9) (TextureImporter) -> (artifact id: 'f1cebf5db35be12413cf06ce693cdb9a') in 0.0026849 seconds
Start importing Packages/com.unity.inputsystem/InputSystem/Editor/Icons/d_Pen.png using Guid(bb42fb9342e9d4e68b6cf39a2e071d9b) (TextureImporter) -> (artifact id: '479c45dbd42f47c8f393a2b4fb4d00ec') in 0.0025192 seconds
Start importing Packages/com.unity.inputsystem/InputSystem/Editor/Icons/Add Binding@2x.png using Guid(bb5fa99d6e9434c9ebf101c956021ee1) (TextureImporter) -> (artifact id: '8c42b3b9dc9f2bd26556f530db269721') in 0.0022237 seconds
Start importing Assets/Resources/Art/UI/ui_opening_item_ancestral_casket_001.png using Guid(cb83024b2b469334b860abf332e89cca) (TextureImporter) -> (artifact id: '097b9a8bf13549e3fbe5227dae0833e3') in 0.0878495 seconds
Start importing Assets/Resources/Art/UI/ui_opening_item_ember_talisman_case_001.png using Guid(db19e875e46c3864099e16e73d5b278a) (TextureImporter) -> (artifact id: 'fe71f070ae9d1e42686dc58773cdac9a') in 0.0841627 seconds
Start importing Packages/com.unity.inputsystem/InputSystem/Editor/Icons/d_Button@4x.png using Guid(db3dc7a02ac6d4e90bbe905a44ac265b) (TextureImporter) -> (artifact id: 'c659119fd535ef4f52bb73e474b81ef7') in 0.0024654 seconds
Start importing Packages/com.unity.inputsystem/InputSystem/Editor/Icons/d_Interactive Binding.png using Guid(eb28fd64eacfa495c97193108f1cdf03) (TextureImporter) -> (artifact id: '06b15ff5094ee59da59abdbb262fbb4f') in 0.0024404 seconds
Start importing Assets/Art/UI/ui_opening_item_ancestral_casket_001.png using Guid(ebfad1bc446a4f3439ccb4db65b5e6e0) (TextureImporter) -> (artifact id: 'e3976b9c25f99931aaf269ef58432870') in 0.0854458 seconds
Start importing Assets/Resources/Art/Scenes/scene_cloudsea_far_001.png using Guid(eb5c1d4f8acd3b44e8418f20e414b420) (TextureImporter) -> (artifact id: 'ee9b986f2deef2909fff1ab84438dd08') in 0.0893427 seconds
Start importing Packages/com.unity.ugui/Editor Resources/Textures/SectionHeader_Dark.psd using Guid(fb5730e24283d0c489e5c7d0bee023d9) (TextureImporter) -> (artifact id: '161379d9ace8c11d8003c9635796fd24') in 0.0024984 seconds
Start importing Assets/Resources/Art/VFX/vfx_thunder_arc_001.png using Guid(0c38abb1201fe724a9fa9c72036f2fef) (TextureImporter) -> (artifact id: 'ed5a4763207d99ccc11fdfe4820dd17c') in 0.0083113 seconds
Start importing Packages/com.unity.inputsystem/InputSystem/Editor/Icons/Orientation@4x.png using Guid(1c751eb104ad5407992e614361d5f81e) (TextureImporter) -> (artifact id: 'a67ebc510f956678c67f85ce290991a9') in 0.0024212 seconds
Start importing Assets/Resources/Art/UI/ui_home_hero_ink_002.png using Guid(1c56551818db48dcb944888f860076dc) (TextureImporter) -> (artifact id: '474022584a171374b4a4859ef2549d83') in 0.1392159 seconds
Start importing Packages/com.unity.inputsystem/InputSystem/Editor/Icons/Button@2x.png using Guid(1c37f00575bd6494ea726be5afee89b9) (TextureImporter) -> (artifact id: '59efa27a359b67838abf98ffe6eb39b1') in 0.0022707 seconds
Start importing Packages/com.unity.inputsystem/InputSystem/Editor/Icons/Dpad@3x.png using Guid(6c1147159d9dc42948601b29dfc9a40c) (TextureImporter) -> (artifact id: '54548659e49b6ca8fa0ceaaf965ac025') in 0.0024033 seconds
Start importing Assets/Art/Scenes/scene_battle_old_mine_entry_001.png using Guid(6c0240820491cd945b3fefe8448a5d42) (TextureImporter) -> (artifact id: 'f514dd3be555f002ce54ed3c6837ac47') in 0.1087497 seconds
Start importing Assets/Art/Characters/char_player_sword_sash_wind_001.png using Guid(6c3f5c46a0a64b8fa6a44c9112f64949) (TextureImporter) -> (artifact id: '1f8d28cc45a5335c6151062efb2e0506') in 0.0193412 seconds
Start importing Assets/Art/UI/ui_root_destiny_backdrop_001.png using Guid(7c8ae7d0744e7a24b891c67e0d14bf3c) (TextureImporter) -> (artifact id: 'eb0f40f927cd1c73bfe4f87719840380') in 0.1191929 seconds
Start importing Assets/Art/VFX/vfx_thunder_sword_break_001.png using Guid(9cd1a42742bf4d35842174afff8d2ffa) (TextureImporter) -> (artifact id: '512010c786735d6dab17f261de5f61e5') in 0.0213721 seconds
Start importing Packages/com.unity.inputsystem/InputSystem/Editor/Icons/Pen@4x.png using Guid(acf10446fff184bb98db6350c2c43148) (TextureImporter) -> (artifact id: 'a6e97d23c62722e5ea48a3a4a48cd684') in 0.002512 seconds
Start importing Packages/com.unity.inputsystem/InputSystem/Editor/Icons/d_Position@4x.png using Guid(ac4c5ccb2785f4460b2dcfe47010c688) (TextureImporter) -> (artifact id: '8456bc6ee28ea3f978f4fa2b85a98c85') in 0.0033427 seconds
Start importing Assets/Resources/Art/UI/ui_root_object_branch_001.png using Guid(acaf2d2d67e25154d8438e7ae37efaca) (TextureImporter) -> (artifact id: '290ad0a9a2db0579fa2580b1c76a260c') in 0.0623231 seconds
Start importing Assets/Art/UI/ui_path_thunder_001.png using Guid(dc90b3e6b4639be4eac24571188f8e9b) (TextureImporter) -> (artifact id: '7b3d6ead279712ba5d5b43e4007473b2') in 0.0968716 seconds
Start importing Packages/com.unity.inputsystem/InputSystem/Editor/Icons/InputControl.png using Guid(ec85de66fa5b64dd984fdcc82f8f92b3) (TextureImporter) -> (artifact id: '66fdb057b0e386f29603e71b3be45e96') in 0.0022481 seconds
Start importing Packages/com.unity.ugui/Editor Resources/Gizmos/TMP - Sprite Asset Icon.psd using Guid(ec7c645d93308c04d8840982af12101e) (TextureImporter) -> (artifact id: '83a8c1748e8c8b88b2aa6681ffb5e1b1') in 0.0035702 seconds
Start importing Packages/com.unity.inputsystem/InputSystem/Editor/Icons/d_Joystick@3x.png using Guid(fcaa0d99df7c74f52afaa17a375dd393) (TextureImporter) -> (artifact id: 'e4eb38b44f464f9bc0e58b0b44b8c566') in 0.0029244 seconds
Start importing Packages/com.unity.inputsystem/InputSystem/Editor/Icons/d_ChevronDown@4x.png using Guid(0de917098a5b848b1a371e570928ce10) (TextureImporter) -> (artifact id: 'b3355bf7d105d03c08987dea8e9bdd2a') in 0.0025094 seconds
Start importing Packages/com.unity.ugui/Editor Resources/Textures/btn_AlignCapLine.psd using Guid(0d9a36012a224080966c7b55896aa0f9) (TextureImporter) -> (artifact id: 'c8c22ba10e733c63e65d13742c7d0079') in 0.003542 seconds
Start importing Assets/Art/UI/ui_panel_scroll_dark_001_transparent.png using Guid(1d3d470861f13574a96ff9f694f2fa66) (TextureImporter) -> (artifact id: '2441b6a4e11cc7cbbde95a341c241eca') in 0.0426931 seconds
Start importing Packages/com.unity.inputsystem/InputSystem/Editor/Icons/d_Add Binding@2x.png using Guid(3d7dc8d6b9a96490b9aa433645712fdf) (TextureImporter) -> (artifact id: '7954ed6c8be7845f16db1c6f98be2dcd') in 0.0026161 seconds
Start importing Assets/Resources/Art/UI/ui_opening_item_swordcase_001.png using Guid(4dcefc289a20a65438b31fed013638f8) (TextureImporter) -> (artifact id: '2442489a622a323c714cca9264430226') in 0.1139988 seconds
Start importing Packages/com.unity.inputsystem/InputSystem/Editor/Icons/Gamepad@2x.png using Guid(4defb5292901c41f29313d9c9c87a7eb) (TextureImporter) -> (artifact id: 'bf7120a8f14f8ae13cbc9a2b72620b48') in 0.0019333 seconds
Start importing Packages/com.unity.inputsystem/InputSystem/Editor/Icons/d_ChevronDown@3x.png using Guid(5d96795fd770f47d69d997b053532730) (TextureImporter) -> (artifact id: 'd332183fab2a51f0b9ee5f48a1846f98') in 0.001966 seconds
Start importing Packages/com.unity.inputsystem/InputSystem/Editor/Icons/d_Stick@2x.png using Guid(5d0b11389336d4b16b96f147c9f912e2) (TextureImporter) -> (artifact id: 'f8a838027d41cfe01914175628770d8b') in 0.002495 seconds
Start importing Packages/com.unity.inputsystem/InputSystem/Editor/Icons/d_Touch@4x.png using Guid(6db042035460c4167a6ab8d1ac3c2681) (TextureImporter) -> (artifact id: '3245b27fd80c1003514ca6633bf9ccdd') in 0.0027693 seconds
Start importing Assets/Resources/Art/UI/ui_opening_item_protective_jade_001.png using Guid(6d3690b3993721c41870718bf4e11eec) (TextureImporter) -> (artifact id: '0920c6ebe997fc43215edf238546e139') in 0.0849896 seconds
Start importing Assets/Art/UI/ui_battle_phase_seal_001.png using Guid(6ddddc7ad05a26448afb84439fd4a11d) (TextureImporter) -> (artifact id: 'ebc34dd056ea376c6fd1fdfafa8c3db9') in 0.0038195 seconds
Start importing Packages/com.unity.inputsystem/InputSystem/Editor/Icons/d_Joystick.png using Guid(7d4638131127c4f4382fb36cf16c52fe) (TextureImporter) -> (artifact id: 'cd44e18b838904dd2ab9ffa08394854f') in 0.0022481 seconds
Start importing Assets/Art/UI/ui_panel_scroll_dark_001.png using Guid(8d53e3119b7c496449189ec95bad3d45) (TextureImporter) -> (artifact id: '9c4c529b45f1099f9135f4c1da4b8e98') in 0.0426391 seconds
Start importing Assets/Art/UI/ui_frame_card_001.png using Guid(9df3c44bf7503ec4d82b4d5487b36399) (TextureImporter) -> (artifact id: '581c1231f04b456c27c4b8465a69c41c') in 0.0200308 seconds
Start importing Assets/Art/UI/ui_opening_scene_select_backdrop_001.png using Guid(bd65d14a7c156be419d359fd664f1051) (TextureImporter) -> (artifact id: '5fc838197f7bbc475dbf7afce1508afc') in 0.0995009 seconds
Start importing Assets/Art/UI/ui_opening_scene_ancestral_vault_001.png using Guid(cd5c14f333d222a4ebfb1d313bae705b) (TextureImporter) -> (artifact id: '4efa5149949a7f033978e215df78c3d3') in 0.0969064 seconds
Start importing Assets/Resources/Art/UI/ui_battle_hand_shelf_001.png using Guid(cdcc8682b551329478b5ab3d23ee85e3) (TextureImporter) -> (artifact id: '17dd36f2f46c292f29d757bd696850a3') in 0.0171711 seconds
Start importing Packages/com.unity.ugui/Editor Resources/Textures/btn_AlignTop_Light.psd using Guid(ed041e68439749a69d0efa0e3d896c2e) (TextureImporter) -> (artifact id: '0650651e4f8fbf636c914c8188325b60') in 0.0033426 seconds
Start importing Assets/Resources/Art/UI/ui_icon_settings_001.png using Guid(ed7f9737262f43a1b8cf682193a3d91e) (TextureImporter) -> (artifact id: '27bb9b461b14a3d4f3daa5a4b088b5f3') in 0.0029488 seconds
Start importing Assets/Art/UI/ui_battle_hand_shelf_002.png using Guid(fd849a204a204ab99d48252887a69afa) (TextureImporter) -> (artifact id: '17ac34ac811ef2323bdd9b6f56d22b1e') in 0.0292117 seconds
Start importing Packages/com.unity.inputsystem/InputSystem/Editor/Icons/d_ChevronUp@3x.png using Guid(0efecba65ae4341a385cd5d39a2af765) (TextureImporter) -> (artifact id: '08b3d6c34e7484c7f30069dba47d5477') in 0.0023107 seconds
Start importing Assets/Art/Scenes/scene_cloudsea_far_001.png using Guid(1eabb23ba77bd88489e53bef0e8b3a9f) (TextureImporter) -> (artifact id: 'd47c24cea37771e7136876e1d4779841') in 0.0901064 seconds
Start importing Packages/com.unity.inputsystem/InputSystem/Editor/Icons/Axis@3x.png using Guid(2e27a82b5cc4e4ef98cbef2d0b324aed) (TextureImporter) -> (artifact id: '5ecb59072569fd7b1f3eb7131fc2ad70') in 0.0022048 seconds
Start importing Packages/com.unity.ugui/Editor Resources/Gizmos/TMP - Input Field Icon.psd using Guid(3ee40aa79cd242a5b53b0b0ca4f13f0f) (TextureImporter) -> (artifact id: '65779ae5afb715e9ef68758a161a0abd') in 0.0033593 seconds
Start importing Packages/com.unity.inputsystem/InputSystem/Editor/Icons/Touch@4x.png using Guid(6e9283a12f5b74afbba696cbb82f5e7f) (TextureImporter) -> (artifact id: '4f9b0e65fbdd434d302d2394fba5471e') in 0.0025097 seconds
Start importing Assets/Art/UI/ui_opening_scene_old_mine_001.png using Guid(6e8323b81e004f64fa3c760023fdc7fd) (TextureImporter) -> (artifact id: 'c9c723d569a4872334cdf1a5e7de3923') in 0.0932548 seconds
Start importing Assets/Art/UI/ui_battle_enemy_plate_001.png using Guid(6ee35d73572499147a554d002779c5a8) (TextureImporter) -> (artifact id: 'fc6772d8a24629f2d4e4c6cf79803f27') in 0.0058981 seconds
Start importing Packages/com.unity.inputsystem/InputSystem/Editor/Icons/Axis.png using Guid(7e853779c8fed4ebf917a0de21c79602) (TextureImporter) -> (artifact id: '1af4a51d6e860fe402bc4694091f5dc8') in 0.0024376 seconds
Start importing Assets/Art/UI/ui_battle_intent_plate_001.png using Guid(7ebc5d5f42cb3da46874cb136d17f987) (TextureImporter) -> (artifact id: 'fe07de77cef2580d2c8dc40e7af03ab3') in 0.0068874 seconds
Start importing Assets/Resources/Art/UI/ui_root_destiny_scene_tea_desk_002.png using Guid(7e6e2572db114c429f5dc4243aad85ed) (TextureImporter) -> (artifact id: 'd2901b300f2ba988a889ced45e6efd35') in 0.0929568 seconds
Start importing Assets/Art/Scenes/scene_battle_cloudsea_001.png using Guid(8eb780f301b850743889e22bd2af4b2d) (TextureImporter) -> (artifact id: '5dbf29e43f39379f7f21dd8fca2d8015') in 0.0883743 seconds
Start importing Packages/com.unity.inputsystem/InputSystem/Editor/Icons/Mouse.png using Guid(9eb2b64988cb1443cab6da5dc5300d1c) (TextureImporter) -> (artifact id: '5bbe88411aa302219f9162d450f3e9c3') in 0.002542 seconds
Start importing Packages/com.unity.inputsystem/InputSystem/Editor/Icons/d_Keyboard@3x.png using Guid(9ec4e316700da46b88741a8153b33963) (TextureImporter) -> (artifact id: '365eb96f0a284dc655e68a38766e2ba3') in 0.002113 seconds
Start importing Packages/com.unity.inputsystem/InputSystem/Editor/Icons/d_Gamepad@3x.png using Guid(9e882b58df0964f5b90ff99cb481ee79) (TextureImporter) -> (artifact id: 'ea4c6a72b35471fc817b74777a392218') in 0.0021916 seconds
Start importing Packages/com.unity.inputsystem/InputSystem/Editor/Icons/Interactive Binding@4x.png using Guid(9e6c9e992a2ee4327bce1d6a8189cedb) (TextureImporter) -> (artifact id: '24c149290bf8643d6b817edf20fa9a9f') in 0.0028211 seconds
Start importing Assets/Art/Characters/char_player_sword_cultivator_001.png using Guid(9eef06641c4f3464db4b6e088fa68f1c) (TextureImporter) -> (artifact id: '7376f3e1f653d5e2a292be227f8cd4fd') in 0.0201829 seconds
Start importing Packages/com.unity.inputsystem/InputSystem/Editor/Icons/d_Gamepad@2x.png using Guid(bed935caee9524e6780614c2055bfd35) (TextureImporter) -> (artifact id: '764d5866f6dceb9f5b6097f3279daf2d') in 0.002495 seconds
Start importing Packages/com.unity.inputsystem/InputSystem/Editor/Icons/d_Touch@2x.png using Guid(ceaa885da02f84da195f87de12535da6) (TextureImporter) -> (artifact id: '79e662e7a7eb36411944ea3cde9affe7') in 0.002896 seconds
Start importing Assets/Art/UI/ui_root_object_branch_001.png using Guid(ce6dea09262e9c74ab0aac98b247dc1e) (TextureImporter) -> (artifact id: '875a52f8907cebc7910c81fab629de04') in 0.0612093 seconds
Start importing Packages/com.unity.inputsystem/InputSystem/Editor/AssetEditor/PackageResources/personal/actionTreeBackground.png using Guid(ce5f11cd993284c4f9c54f854bdc8c9c) (TextureImporter) -> (artifact id: '3c0e8fe18b21694ee7e3fe2cf1e89e08') in 0.002101 seconds
Start importing Packages/com.unity.inputsystem/InputSystem/Editor/Icons/d_Orientation@4x.png using Guid(de98baf415a2c4d7dbe0de74cb6e171c) (TextureImporter) -> (artifact id: '3611772762b6cbccc5098499528f83ee') in 0.0026466 seconds
Start importing Assets/Resources/Art/UI/ui_icon_codex_001.png using Guid(ee93cbbe1e734f55920d86d3a87abec3) (TextureImporter) -> (artifact id: '5d96b297e0e40d52ae99b4c4573ec872') in 0.0028376 seconds
Start importing Packages/com.unity.ugui/Editor Resources/Gizmos/TMP - Font Asset Icon.psd using Guid(ee148e281f3c41c5b4ff5f8a5afe5a6c) (TextureImporter) -> (artifact id: 'c3be07e37b63068a7d4495d6afda6aa5') in 0.0031717 seconds
Start importing Assets/Resources/Art/UI/ui_root_lot_tag_001.png using Guid(ee6d761cc85aa364db97c9747397eb0d) (TextureImporter) -> (artifact id: '02d37ae2d7e855fe6d40e446aaa32824') in 0.0162328 seconds
Start importing Assets/Resources/Art/UI/ui_battle_hand_shelf_002.png using Guid(1f35921f3ff749c3b4fcc1021fa69d7a) (TextureImporter) -> (artifact id: '0285bb8667502a4fd0be917196a24faa') in 0.0284505 seconds
Start importing Packages/com.unity.ugui/Editor Resources/Gizmos/TMP - Text Component Icon.psd using Guid(2fd6421f253b4ef1a19526541f9ffc0c) (TextureImporter) -> (artifact id: 'b3f1dd211656c82a99dea72d5a65b181') in 0.0030354 seconds
Start importing Packages/com.unity.inputsystem/InputSystem/Editor/Icons/Orientation@3x.png using Guid(5f09d534eb1414449a2758696bd4dd11) (TextureImporter) -> (artifact id: '90f5f779b56458213feb9a46334fd502') in 0.00284 seconds
Start importing Packages/com.unity.inputsystem/InputSystem/Editor/Icons/Keyboard@4x.png using Guid(7fc0926499f7a4500b152d45397c44a4) (TextureImporter) -> (artifact id: '200b473cd15e3058c18e307ec5d80398') in 0.0030675 seconds
Start importing Packages/com.unity.inputsystem/InputSystem/Editor/Icons/Orientation.png using Guid(7fb7b46a8c63948d2b28dc394281bf5a) (TextureImporter) -> (artifact id: '25ca03e712c64e5632bca78d72606bdc') in 0.0021181 seconds
Start importing Assets/Resources/Art/UI/ui_home_info_tag_001.png using Guid(7f0c0173fc6a40c38501b4dd6147c6bc) (TextureImporter) -> (artifact id: '5fe68171c8acab0975ccb8a6c5a5802b') in 0.0090779 seconds
Start importing Packages/com.unity.inputsystem/InputSystem/Editor/Icons/d_ChevronUp.png using Guid(7fad89501bb5c408e956934bf2eb8ae3) (TextureImporter) -> (artifact id: '6bf87ee7bd4149cec801407e6b7c8788') in 0.0022896 seconds
Start importing Assets/Art/UI/ui_home_hero_ink_002.png using Guid(8fe0019c337143ef80bb751f0e96d245) (TextureImporter) -> (artifact id: 'f83ca4017df1237619dfb0801103cd00') in 0.1339477 seconds
Start importing Assets/Art/UI/ui_root_smoke_wisp_002.png using Guid(8f1c33baf07a4f5f9a9ea6e3830dc401) (TextureImporter) -> (artifact id: 'f3a9a1538fc9a0d194b01ee14ea46fb9') in 0.0099711 seconds
Start importing Assets/Resources/Art/UI/ui_battle_phase_seal_001.png using Guid(af31832d389c5354bb2620fd10c707cb) (TextureImporter) -> (artifact id: '95ec26c5641d8a4903bdaae7dc84183d') in 0.0044732 seconds
Start importing Assets/Art/UI/ui_battle_header_ribbon_001.png using Guid(af515a564c89d724eb22f7923a976f28) (TextureImporter) -> (artifact id: 'c5087fd16947502ffcecd7d0e5e1b4d2') in 0.0115843 seconds
Start importing Packages/com.unity.inputsystem/InputSystem/Editor/AssetEditor/PackageResources/personal/actionTreeBackgroundWithoutBorder.png using Guid(cf632ed80bf1f46c980de6b1b8b903ef) (TextureImporter) -> (artifact id: '3dfd407fbfe1ea61fdb321296e1b0030') in 0.0020327 seconds
Start importing Assets/Resources/Art/Boss/boss_tianjie_halfbody_001.png using Guid(efdc486c056d481493b7de7241955148) (TextureImporter) -> (artifact id: 'ce0ed5bb806dafe65ccbfa1eb28da5e4') in 0.0517306 seconds
Start importing Assets/Art/Scenes/scene_battle_cloudsea_near_001.png using Guid(ffe127f9c5a7445b87e27f9ea98c18ec) (TextureImporter) -> (artifact id: '40274830cc4359f646c4a4b5247f81b8') in 0.0460986 seconds
Start importing Packages/com.unity.inputsystem/InputSystem/Editor/Icons/TrackedPoseDriver@2x.png using Guid(ff8479815905ce84e9ef610d926f28c8) (TextureImporter) -> (artifact id: '8baddbf6bbbdba7f3ff3db62dc631d48') in 0.0022941 seconds
Start importing Packages/com.unity.inputsystem/InputSystem/Editor/AssetEditor/PackageResources/green.png using Guid(ffeba93637e654de6a5906b48520dc94) (TextureImporter) -> (artifact id: 'a9e39b382e6957f8c6a0f895848b34c4') in 0.0019468 seconds
Start importing Packages/com.unity.ugui/Editor Resources/Shaders/TMP_SDF_SSD.cginc using Guid(abe6991365a27d341a10580f3b7c0f44) (ShaderIncludeImporter) -> (artifact id: '6210c9b75bcff879a66d3acd3c6dd96f') in 0.0192391 seconds
Start importing Packages/com.unity.ugui/Editor Resources/Shaders/TMP_Properties.cginc using Guid(3c6c403084eacec478a1129ce20061ea) (ShaderIncludeImporter) -> (artifact id: '0b6510a7584c4ccb00079dbc08b3b282') in 0.001457 seconds
Start importing Packages/com.unity.ugui/Editor Resources/Shaders/TMP_SDF Internal Editor.shader using Guid(9c442dc870b456e48b615cd8add0e9ef) (ShaderImporter)Launched and connected shader compiler UnityShaderCompiler.exe after 0.01 seconds
 -> (artifact id: '1d84de99b17eddc779fc1f69810430fa') in 0.1552071 seconds
Start importing Packages/com.unity.modules.subsystems/package.json using Guid(30b312a167534621b316172253b08723) (PackageManifestImporter) -> (artifact id: '5fddaf95e1048f20ba7f7820d94a41a8') in 0.0110525 seconds
Start importing Packages/com.unity.modules.jsonserialize/package.json using Guid(40bf3cec17fa0b49fe04443c8332d638) (PackageManifestImporter) -> (artifact id: '4c54406cdf6f27a0dfd74653ac191550') in 0.0016722 seconds
Start importing Assets/Data/CSV/journey_vessels.csv using Guid(5054235953705c945889b9e391e44114) (TextScriptImporter) -> (artifact id: '10eb8d82496f96b3b8da47bea10fd4f0') in 0.0019131 seconds
Start importing Assets/Data/CSV/boss_phases.csv using Guid(60e52251e30d4814d91a27045d036d5d) (TextScriptImporter) -> (artifact id: 'b31b0217b4f1a5d3928995bc2de84ce3') in 0.0021472 seconds
Start importing Assets/Art/AI_BATCH_02_SCENE_LAYER_REQUIREMENTS.md using Guid(6069a89f3d78685489ecd19d181b7e2b) (TextScriptImporter) -> (artifact id: 'f38e912bf8793aee41d6471b3c0bbecf') in 0.0025197 seconds
Start importing Assets/Art/P0_UI_ASSET_LIST.md using Guid(b0a75d035ba3420499a9cc11bcd3a66a) (TextScriptImporter) -> (artifact id: '9ff0b9bcad8b39a758fc19a7e9153d22') in 0.0025654 seconds
Start importing Packages/com.unity.ugui/README.md using Guid(e0ae6629cc70b514889df37fccb76832) (TextScriptImporter) -> (artifact id: '44afeb028f510a9f4544ce88fd1cf112') in 0.0023453 seconds
Start importing Packages/com.unity.inputsystem/package.json using Guid(f0e14ea80f96b445f97b1c83650d5733) (PackageManifestImporter) -> (artifact id: '1e8f519f8c445bc4b7bf58eadedad455') in 0.0020713 seconds
Start importing Packages/com.unity.inputsystem/ValidationConfig.json using Guid(21e367e100361604f9ad6287fd367d4a) (TextScriptImporter) -> (artifact id: '6747c8a6d1a859362fba897ea410b516') in 0.0026606 seconds
Start importing Packages/com.unity.ugui/package.json using Guid(319b8889f363f5947acf209c17a94149) (PackageManifestImporter) -> (artifact id: '9d5bfc43b9d903ea67cd0b62c2c8d831') in 0.0022003 seconds
Start importing Packages/com.unity.inputsystem/LICENSE.md using Guid(9166eed4756114bdaa498aca2df93e19) (TextScriptImporter) -> (artifact id: '7c9d36dfdaa6173e588e0793b0d80d1c') in 0.0018151 seconds
Start importing Assets/Data/CSV/traces.csv using Guid(e143a08cf606a38459a11bd484ff79e6) (TextScriptImporter) -> (artifact id: '85a4389bf305d14a3f18e79a5217eeef') in 0.0016666 seconds
Start importing Packages/com.unity.modules.imgui/package.json using Guid(42fe78c8fe682715a2cb531422e6ccb3) (PackageManifestImporter) -> (artifact id: 'b643c636c8e55776455f8adce1983951') in 0.0022742 seconds
Start importing Assets/Data/CSV/journey_lines.csv using Guid(627a2c28becac4d4d9000a07b58d54b9) (TextScriptImporter) -> (artifact id: 'fbc3bd8dcc1ad18fb236a8acd7156ed1') in 0.0018416 seconds
Start importing Packages/com.unity.inputsystem/CHANGELOG.md using Guid(a3e12f7b92d6e49c0b430ae7813c2398) (TextScriptImporter) -> (artifact id: '4e4435a0216a4a1edf28d8318adff34d') in 0.0027571 seconds
Start importing Assets/Data/CSV/trace_modifiers.csv using Guid(04069ff25d40eb64bbbdc047425b795b) (TextScriptImporter) -> (artifact id: '2fa5d5aed488809435f9568b71d45b04') in 0.002091 seconds
Start importing Assets/Data/CSV/gongfas.csv using Guid(846dbab8d7539ed4992729379690a24c) (TextScriptImporter) -> (artifact id: '15e45e13329e99fcd34832fe219ddb19') in 0.0024366 seconds
Start importing Packages/com.unity.ugui/PackageConversionData.json using Guid(05f5bfd584002f948982a1498890f9a9) (TextScriptImporter) -> (artifact id: 'd9e43e27959cd399247c69832ab9dc4f') in 0.002407 seconds
Start importing Packages/com.unity.modules.imageconversion/package.json using Guid(953fab16d15d5885b3600fcd6388b2ad) (PackageManifestImporter) -> (artifact id: '4914195fadd462954a635b65250787ed') in 0.0020028 seconds
Start importing Assets/Data/CSV/region_node_weights.csv using Guid(06ce264f33be18d4385987b4a28756d0) (TextScriptImporter) -> (artifact id: '02b9fbad3309c04f11dcd96d8b530118') in 0.0020463 seconds
Start importing Assets/Data/CSV/system_constants.csv using Guid(56ab3bb828bdd6f41b941431edc984c8) (TextScriptImporter) -> (artifact id: '523cfd6cf983e5cba86f7d8b7cba70bb') in 0.0026209 seconds
Start importing Assets/Data/CSV/system_formulas.csv using Guid(f6ebe12aa2a81624984dddb2d1d880c3) (TextScriptImporter) -> (artifact id: '6ad9d88ed041627c25f7e58bfec1fa77') in 0.0019107 seconds
Start importing Assets/Data/CSV/route_plan_nodes.csv using Guid(17a60e2da989cbb45bbd33f2a9624dff) (TextScriptImporter) -> (artifact id: 'e1d62b38b21de7a97956b0371f7d3dd3') in 0.0022978 seconds
Start importing Assets/Data/CSV/card_pools.csv using Guid(47241bfee902b5a41af8b55cdd119873) (TextScriptImporter) -> (artifact id: 'e0903f334aa11da161591342d28cb04a') in 0.001808 seconds
Start importing Assets/Data/CSV/regions.csv using Guid(c7bbb7387421fe64387baa00b16189c1) (TextScriptImporter) -> (artifact id: '3672c74876c78e7dcc76dc5005dd6927') in 0.0022203 seconds
Start importing Assets/Data/CSV/reward_service_priorities.csv using Guid(c71db9eebb544fb4286966a7d688477a) (TextScriptImporter) -> (artifact id: 'cb7f1167dee35152e07fa3a8a07b097c') in 0.0020584 seconds
Start importing Assets/Data/CSV/route_plans.csv using Guid(e78afa7911cfaab4599d282587fd2aa0) (TextScriptImporter) -> (artifact id: '055f6f66a4075ee171960953a1aaafd3') in 0.0018843 seconds
Start importing Assets/Data/JSON/game_config.json using Guid(f70010800c40d7946b593ddf9952afb8) (TextScriptImporter) -> (artifact id: 'd6dbe76d752b24285d0cb06422d74b76') in 0.0024551 seconds
Start importing Packages/com.unity.inputsystem/README.md using Guid(f747a892239fb40f9a9b9e2acf9929ee) (TextScriptImporter) -> (artifact id: '3ae4f911971c56e7f716f83b8485fc56') in 0.0023922 seconds
Start importing Assets/Data/CSV/journey_line_node_biases.csv using Guid(18ba2ae9c692f7a468daa76c3f007a19) (TextScriptImporter) -> (artifact id: 'e75e1b19c3b37f16b7cba440e6b0b33a') in 0.0023631 seconds
Start importing Assets/Data/JSON/README.md using Guid(483eaa42d466b11478662cfeef01b8e3) (TextScriptImporter) -> (artifact id: '68d5869d2be53d5cd2a3f14b9ade9af4') in 0.0019457 seconds
Start importing Packages/com.unity.modules.vectorgraphics/package.json using Guid(78e5667e52329c3ceef41288763404ae) (PackageManifestImporter) -> (artifact id: '8bda5c963352e20d9c07831179d6adc4') in 0.0018016 seconds
Start importing Packages/com.unity.ugui/CHANGELOG.md using Guid(c851bee4305bddf438cc6ffc515991ce) (TextScriptImporter) -> (artifact id: '80aa7e1c8215b9d3824af55dd65c9c21') in 0.002427 seconds
Start importing Assets/Data/CSV/relics.csv using Guid(e8bea49be0714b04388951f9de8042b4) (TextScriptImporter) -> (artifact id: '0c20f53b0183eb1fc7ab54af0a0e8c2d') in 0.0019451 seconds
Start importing Assets/Data/CSV/artifacts.csv using Guid(09289fb6b4d47bb4f947015cb8d2f9af) (TextScriptImporter) -> (artifact id: '6c98cfc288ebc17391cd5611489ec43f') in 0.0023157 seconds
Start importing Assets/Data/CSV/cards.csv using Guid(89301f4c48fd640468fdd1ec6951d601) (TextScriptImporter) -> (artifact id: '893e86dffcb6541b24da51c7bd26d316') in 0.0023121 seconds
Start importing Assets/Data/README_CONFIG.md using Guid(990c0a42e41a6dd449eee9ef6bc26251) (TextScriptImporter) -> (artifact id: '35506ad40051665bd21dd0a5d16626f6') in 0.0022553 seconds
Start importing Packages/com.unity.inputsystem/ValidationExceptions.json using Guid(d9fe79419851eee4e8c90f7d0f934859) (TextScriptImporter) -> (artifact id: '1e7ff8dfdd7263375100ea86f135763c') in 0.00194 seconds
Start importing Packages/com.unity.modules.physics/package.json using Guid(1a4266815e998967becf686f9c71f0a6) (PackageManifestImporter) -> (artifact id: '4fbeefd29956a8cb2b920ec02d72eda6') in 0.0018675 seconds
Start importing Packages/com.unity.inputsystem/InputSystem/Editor/ProjectWideActions/ProjectWideActionsTemplate.json using Guid(8a190d472354bb845973412ac9c5c477) (TextScriptImporter) -> (artifact id: '23f1394f964dd08cd5dc1fe33695703e') in 0.0025367 seconds
Start importing Packages/com.unity.inputsystem/InputSystem/Plugins/PlayerInput/DefaultInputActions.inputactions using Guid(ca9f5fa95ffab41fb9a615ab714db018) (ScriptedImporter) -> (artifact id: 'e4fe7716c5eb4b14b538502aa402ccab') in 0.0591267 seconds
Start importing Assets/Art/AI_BATCH_01_PROMPTS.md using Guid(1be252ede25bf3c428316cc30dbeec18) (TextScriptImporter) -> (artifact id: 'cb135932260ba2a270c045482176c6de') in 0.0017686 seconds
Start importing Packages/com.unity.modules.hierarchycore/package.json using Guid(9b1a5759726ef9d39a0ab82047b615f1) (PackageManifestImporter) -> (artifact id: '2c156e03cb13bcc2a06b8c9b0a7a8ac4') in 0.0017085 seconds
Start importing Packages/com.unity.modules.adaptiveperformance/package.json using Guid(4c413a81cadcce7038e446e56570117e) (PackageManifestImporter) -> (artifact id: 'a6f258ba23d61d479758aecde11c60fd') in 0.0017124 seconds
Start importing Assets/Data/CSV/node_action_profiles.csv using Guid(7cbac6b1a60b4f949f9ca2aa25f3706a) (TextScriptImporter) -> (artifact id: 'af73b4a8078d400725936ec6a658ec07') in 0.002454 seconds
Start importing Assets/Data/CSV/styles.csv using Guid(cc30abb6948fc094186c211b639f6b77) (TextScriptImporter) -> (artifact id: '3e03fc6384fbfdce0cbf370eedae599d') in 0.0022617 seconds
Start importing Assets/Art/P0_HOME_UI_SPEC.md using Guid(ece718e4c633a074aa89db58c313d03b) (TextScriptImporter) -> (artifact id: 'f0ce5f2ed56e8173443570bf88cd3676') in 0.0022703 seconds
Start importing Assets/Data/CSV/root_modifiers.csv using Guid(ec8acfc3734211a49b9a2d6a721bd81c) (TextScriptImporter) -> (artifact id: 'f74018284228802dec2a5b3533076ba1') in 0.0022727 seconds
Start importing Packages/com.unity.ugui/LICENSE.md using Guid(4d3d51749e989f747b2674e0b4d9b3d7) (TextScriptImporter) -> (artifact id: 'ae566241d6b201e35280c27d51ece7ee') in 0.0022362 seconds
Start importing Assets/Data/CSV/journey_line_reward_biases.csv using Guid(6d877758b61dbb34c8de4fbfb0b1d287) (TextScriptImporter) -> (artifact id: 'e6f7a0c01c09fd9fa6daac81512f4b83') in 0.0019755 seconds
Start importing Assets/Data/CSV/reward_profiles.csv using Guid(9d8f26609b754c3d94d96ed97e06438f) (TextScriptImporter) -> (artifact id: '494a832053a749db46a143f8c4cf99e4') in 0.0020879 seconds
Start importing Packages/com.unity.ugui/PackageConversionData_Assets.json using Guid(0e0afa652c0031c48896a97b424d027b) (TextScriptImporter) -> (artifact id: '804ed7b65d087f01b748fb71ecdd6f77') in 0.0019959 seconds
Start importing Assets/Data/CSV/enemies.csv using Guid(2e2c8a8c3973aca4aae13a6d57959b16) (TextScriptImporter) -> (artifact id: '85a75431ca633ea1d728b90f9c9e55ae') in 0.0026968 seconds
Start importing Packages/com.unity.modules.uielements/package.json using Guid(4f0f9b9f3ed97ad2b9ba8f1a8e4666c2) (PackageManifestImporter) -> (artifact id: 'b4bf06aa21c6a6487308088a12a0a110') in 0.0019808 seconds
Start importing Assets/Data/CSV/roots.csv using Guid(bfd5d237dff69474988a8c12d20c19ad) (TextScriptImporter) -> (artifact id: '926e7e505a36bdb16da0555a672372f9') in 0.0022528 seconds
Start importing Packages/com.unity.modules.ui/package.json using Guid(bfd567a3d1631a761bca9e99fa53d86d) (PackageManifestImporter) -> (artifact id: 'b6a9b41c4f747864b57f61357f87e39b') in 0.0019515 seconds
Start importing Packages/com.unity.inputsystem/InputSystem/Editor/UITKAssetEditor/PackageResources/InputAssetEditorDark.uss using Guid(cca9ce0c8554d5244930f14c21489ac1) (ScriptedImporter) -> (artifact id: 'a79f506b22a43e808ef2bf3b298d63f7') in 0.0327238 seconds
Start importing Packages/com.unity.inputsystem/InputSystem/Editor/UITKAssetEditor/PackageResources/InputActionsEditorStyles.uss using Guid(7dac9c49a90bca4499371d0adc9b617b) (ScriptedImporter) -> (artifact id: 'd8bb5baca649268260e3660df2cfa9ae') in 0.0543612 seconds
Start importing Packages/com.unity.inputsystem/InputSystem/Editor/UITKAssetEditor/PackageResources/InputAssetEditorLight.uss using Guid(5e7024ed0fd03984289320d04507bc0c) (ScriptedImporter) -> (artifact id: '1c7cf91e025b94da0d536c96bbd12830') in 0.0029457 seconds
Start importing Packages/com.unity.inputsystem/InputSystem/Editor/UITKAssetEditor/PackageResources/ControlSchemeEditor.uxml using Guid(303ef5b13740f9a4db252c50122d2c62) (ScriptedImporter) -> (artifact id: '5700908b0f3340d048929796dfc0ef01') in 0.0499994 seconds
Start importing Packages/com.unity.inputsystem/InputSystem/Editor/UITKAssetEditor/PackageResources/BindingPanelRowTemplate.uxml using Guid(449c8e5ca27af8e4a9db710c8be5e4df) (ScriptedImporter) -> (artifact id: 'f7dc94f3bc828fa74da361a20fafe5f4') in 0.0172347 seconds
Start importing Packages/com.unity.inputsystem/InputSystem/Editor/UITKAssetEditor/PackageResources/InputActionsTreeViewItem.uxml using Guid(452df07a8ad0c944c879a484d5890e61) (ScriptedImporter) -> (artifact id: '1853bc69bd9276c4d8758955c3b00f8b') in 0.0087913 seconds
Start importing Packages/com.unity.inputsystem/InputSystem/Editor/UITKAssetEditor/PackageResources/InputActionsProjectSettings.uxml using Guid(75a33987e21d5ac449deecea3dcd864f) (ScriptedImporter) -> (artifact id: '3ab362c6577dd19d5cec8e11849d2f4d') in 0.009814 seconds
Start importing Packages/com.unity.inputsystem/InputSystem/Editor/UITKAssetEditor/PackageResources/InputActionsEditor.uxml using Guid(c662e0d3cc3c4f948808f9847f715ef2) (ScriptedImporter) -> (artifact id: 'b5053452e133a198799406903ef7a364') in 0.0270839 seconds
Start importing Packages/com.unity.inputsystem/InputSystem/Editor/UITKAssetEditor/PackageResources/CompositeBindingPropertiesEditor.uxml using Guid(2bd2d0548382d58489e8c2999daf4139) (ScriptedImporter) -> (artifact id: '7ce01f5375573877f3fbc9fef0e49c31') in 0.0459674 seconds
Start importing Packages/com.unity.inputsystem/InputSystem/Editor/UITKAssetEditor/PackageResources/NameAndParameterListViewItemTemplate.uxml using Guid(9cbd73d51dc491b4888055ae65cd9545) (ScriptedImporter) -> (artifact id: 'ea7f02b22b370de08a86405be3bd33cd') in 0.0033325 seconds
Start importing Packages/com.unity.inputsystem/InputSystem/Editor/UITKAssetEditor/PackageResources/CompositePartBindingPropertiesEditor.uxml using Guid(acfae125fa5d7904987a696b3993d432) (ScriptedImporter) -> (artifact id: 'a81dad3c503e4f5664610ba89ac87e82') in 0.0036527 seconds
Start importing Packages/com.unity.inputsystem/InputSystem/Editor/UITKAssetEditor/PackageResources/InputActionMapsTreeViewItem.uxml using Guid(3fa44185ed614414ebab354dfe5a06b6) (ScriptedImporter) -> (artifact id: '5c51574af91b4b2495706ebac5ce9ee7') in 0.0043874 seconds
Launched and connected shader compiler UnityShaderCompiler.exe after 0.01 seconds
Launched and connected shader compiler UnityShaderCompiler.exe after 0.01 seconds
Loading style catalogs (5)
	StyleSheets/Extensions/base/common.uss
	UIPackageResources/StyleSheets/Default/Variables/Public/common.uss
	StyleSheets/Northstar/common.uss
	StyleSheets/Extensions/base/dark.uss
	UIPackageResources/StyleSheets/Default/Northstar/Palette/dark.uss
Refreshing native plugins compatible for Editor in 0.32 ms, found 0 plugins.
Preloading 0 native plugins for Editor in 0.00 ms.
Asset Pipeline Refresh (id=891bf8190ecbe174baae06cd1dc2ce81): Total: 66.119 seconds - Initiated by InitialRefreshV2(ForceSynchronousImport)
	Summary:
		Imports: total=639 (actual=639, local cache=0, cache server=0)
		Asset DB Process Time: managed=51 ms, native=19176 ms
		Asset DB Callback time: managed=294 ms, native=32358 ms
		Scripting: domain reloads=1, domain reload time=2742 ms, compile time=11478 ms, other=17 ms
		Project Asset Count: scripts=224, non-scripts=415
		Asset File Changes: new=1434, changed=1434, moved=0, deleted=0
		Scan Filter Count: 0
	InvokeCustomDependenciesCallbacks: 0.002ms
	InvokePackagesCallback: 31353.625ms
	ApplyChangesToAssetFolders: 0.698ms
	Scan: 7578.840ms
	OnSourceAssetsModified: 19.351ms
	CategorizeAssetsWithTransientArtifact: 6.852ms
	ProcessAssetsWithTransientArtifactChanges: 14.245ms
	CategorizeAssets: 5.611ms
	ImportOutOfDateAssets: 11506.247ms (-10856.360ms without children)
		ImportManagerImport: 10883.747ms (309.794ms without children)
			ImportInProcess: 10571.711ms
			UpdateCategorizedAssets: 2.242ms
		CompileScripts: 11477.784ms
		ReloadNativeAssets: 0.001ms
		UnloadImportedAssets: 0.228ms
		ReloadImportedAssets: 0.056ms
		EnsureUptoDateAssetsAreRegisteredWithGuidPM: 0.182ms
		InitializingProgressBar: 0.008ms
		PostProcessAllAssetNotificationsAddChangedAssets: 0.001ms
		OnDemandSchedulerStart: 0.601ms
	PostProcessAllAssets: 1293.898ms
	Hotreload: 1.579ms
	GatherAllCurrentPrimaryArtifactRevisions: 0.040ms
	UnloadStreamsBegin: 2.816ms
	PersistCurrentRevisions: 0.896ms
	UnloadStreamsEnd: 0.025ms
	GenerateScriptTypeHashes: 1.182ms
	Untracked: 14334.693ms

Application.AssetDatabase Initial Refresh End
Scanning for USB devices : 1.743ms
Initializing Unity extensions:
[MODES] ModeService[none].Initialize
[MODES] ModeService[none].LoadModes
[MODES] Loading mode Default (0) for mode-current-id-UNITY
Unloading 17 Unused Serialized files (Serialized files now loaded: 0)
Unloading 828 unused Assets / (0.9 MB). Loaded Objects now: 1449.
Memory consumption went from 105.6 MB to 104.7 MB.
Total: 7.651600 ms (FindLiveObjects: 0.133700 ms CreateObjectMapping: 0.056500 ms MarkObjects: 6.844600 ms  DeleteObjects: 0.615700 ms)

[Project] Loading completed in 72.016 seconds
	Project init time: 				71.582 seconds
		Template init time: 		0.000 seconds
		Package Manager init time: 		2.092 seconds
		Asset Database init time: 		0.654 seconds
		Global illumination init time: 	0.003 seconds
		Assemblies load time: 			2.020 seconds
		Unity extensions init time: 	0.001 seconds
		Asset Database refresh time: 	66.120 seconds
	Scene opening time: 			0.124 seconds
##utp:{"type":"ProjectInfo","version":2,"phase":"Immediate","time":1784040765395,"processId":22784,"projectLoad":72.0159256,"projectInit":71.5816299,"templateInit":0.0,"packageManagerInit":2.091845,"assetDatabaseInit":0.6540774,"globalIlluminationInit":0.003079,"assembliesLoad":2.0203768,"unityExtensionsInit":0.0012793,"assetDatabaseRefresh":66.1195451,"sceneOpening":0.1237972}
##utp:{"type":"EditorInfo","version":2,"phase":"Immediate","time":1784040765395,"processId":22784,"editorVersion":"6000.3.17f1 (cf0352b38e81)","branch":"6000.3/staging","buildType":"Release","platform":"Windows"}
[Licensing::Client] Successfully resolved entitlement details
Reloading assemblies for play mode.
Reloading assemblies after forced synchronous recompile.
Begin MonoManager ReloadAssembly
[Licensing::Client] Successfully resolved entitlement details
- Loaded All Assemblies, in  0.404 seconds
Refreshing native plugins compatible for Editor in 0.34 ms, found 0 plugins.
Native extension for WindowsStandalone target not found
ScheduleIndexationOnStartup MainProcess:True IndexOnStartup:True
Mono: successfully reloaded assembly
- Finished resetting the current domain, in  0.938 seconds
Domain Reload Profiling: 1342ms
	BeginReloadAssembly (270ms)
		ExecutionOrderSort (0ms)
		DisableScriptedObjects (25ms)
		BackupInstance (0ms)
		ReleaseScriptingObjects (0ms)
		CreateAndSetChildDomain (45ms)
	RebuildCommonClasses (53ms)
	RebuildNativeTypeToScriptingClass (19ms)
	initialDomainReloadingComplete (22ms)
	LoadAllAssembliesAndSetupDomain (40ms)
		LoadAssemblies (175ms)
		RebuildTransferFunctionScriptingTraits (0ms)
		AnalyzeDomain (29ms)
			TypeCache.Refresh (4ms)
				TypeCache.ScanAssembly (0ms)
			BuildScriptInfoCaches (20ms)
			ResolveRequiredComponents (3ms)
	FinalizeReload (939ms)
		ReleaseScriptCaches (0ms)
		RebuildScriptCaches (0ms)
		SetupLoadedEditorAssemblies (611ms)
			LogAssemblyErrors (0ms)
			InitializePlatformSupportModulesInManaged (38ms)
			SetLoadedEditorAssemblies (6ms)
			BeforeProcessingInitializeOnLoad (211ms)
			ProcessInitializeOnLoadAttributes (284ms)
			ProcessInitializeOnLoadMethodAttributes (69ms)
			AfterProcessingInitializeOnLoad (4ms)
			EditorAssembliesLoaded (0ms)
		ExecutionOrderSort2 (0ms)
		AwakeInstancesAfterBackupRestoration (46ms)
Asset Pipeline Refresh (id=c729a28f5d62471428b20dce35b31ac6): Total: 1.444 seconds - Initiated by StopAssetImportingV2(ForceSynchronousImport | ForceDomainReload)
	Summary:
		Imports: total=0 (actual=0, local cache=0, cache server=0)
		Asset DB Process Time: managed=0 ms, native=1010 ms
		Asset DB Callback time: managed=22 ms, native=0 ms
		Scripting: domain reloads=1, domain reload time=407 ms, compile time=2 ms, other=0 ms
		Project Asset Count: scripts=224, non-scripts=415
		Asset File Changes: new=0, changed=0, moved=0, deleted=0
		Scan Filter Count: 0
	InvokeCustomDependenciesCallbacks: 0.001ms
	InvokePackagesCallback: 2.993ms
	ApplyChangesToAssetFolders: 0.101ms
	Scan: 0.000ms
	OnSourceAssetsModified: 0.002ms
	CategorizeAssetsWithTransientArtifact: 0.002ms
	ProcessAssetsWithTransientArtifactChanges: 0.462ms
	CategorizeAssets: 9.762ms
	ImportOutOfDateAssets: 941.326ms (938.377ms without children)
		CompileScripts: 2.326ms
		CollectScriptTypesHashes: 0.001ms
		ReloadNativeAssets: 0.001ms
		UnloadImportedAssets: 0.078ms
		EnsureUptoDateAssetsAreRegisteredWithGuidPM: 0.141ms
		InitializingProgressBar: 0.001ms
		PostProcessAllAssetNotificationsAddChangedAssets: 0.000ms
		OnDemandSchedulerStart: 0.401ms
	PostProcessAllAssets: 22.797ms
	GatherAllCurrentPrimaryArtifactRevisions: 0.032ms
	UnloadStreamsBegin: 0.058ms
	PersistCurrentRevisions: 0.029ms
	UnloadStreamsEnd: 0.001ms
	GenerateScriptTypeHashes: 3.337ms
	Untracked: 466.558ms

[Licensing::Client] Successfully resolved entitlement details
Loaded scene 'Temp/__Backupscenes/0.backup'
	Deserialize:            0.373 ms
	Integration:            1177.298 ms
	Integration of assets:  0.002 ms
	Thread Wait Time:       19.926 ms
	Total Operation Time:   1197.598 ms
[MODES] ModeService[none].Initialize
[MODES] ModeService[none].LoadModes
[Licensing::Client] Successfully resolved entitlement details
Start Indexing on Editor startup
ArgumentOutOfRangeException: Index was out of range. Must be non-negative and less than the size of the collection.
Parameter name: index
  at System.Collections.Generic.List`1[T].get_Item (System.Int32 index) [0x00009] in <41d29b352f6a475ab1bf7c6628b82790>:0 
  at UnityEditor.Search.SearchDatabase+<EnumerateAll>d__80.MoveNext () [0x00106] in <017e53516fa14b77992185faa1c1dd92>:0 
  at System.Linq.Enumerable.TryGetFirst[TSource] (System.Collections.Generic.IEnumerable`1[T] source, System.Boolean& found) [0x00045] in <80564d689e48448fa2a7101993ee7201>:0 
  at System.Linq.Enumerable.First[TSource] (System.Collections.Generic.IEnumerable`1[T] source) [0x00000] in <80564d689e48448fa2a7101993ee7201>:0 
  at UnityEditor.Search.SearchDatabase.GetDefaultSearchDatabase () [0x00006] in <017e53516fa14b77992185faa1c1dd92>:0 
  at UnityEditor.Search.SearchInit.IndexationOnStartup () [0x0000c] in <017e53516fa14b77992185faa1c1dd92>:0 
  at UnityEditor.EditorApplication.Internal_CallDelayFunctions () [0x0002c] in <8740d1a42447456fb4d6b16f148b70d3>:0 
UnityEngine.DebugLogHandler:Internal_LogException_Injected(Exception, IntPtr)
UnityEngine.DebugLogHandler:Internal_LogException(Exception, Object)
UnityEngine.DebugLogHandler:LogException(Exception, Object)
PathOfTenThousandWays.Editor.UnityConnectTokenExchangeLogFilter:LogException(Exception, Object) (at Assets\Editor\DisableUnityConnectOnLoad.cs:420)
UnityEngine.Logger:LogException(Exception, Object)
UnityEngine.Debug:CallOverridenDebugHandler(Exception, Object)

(Filename: Assets/Editor/DisableUnityConnectOnLoad.cs Line: 420)

Created GICache directory at C:/Users/张海桃/AppData/LocalLow/Unity/Caches/GiCache. Took: 0.028s, timestamps: [74.941 - 74.970]
Capture pixel check battle_opening_realtime.png: upper variance=1756.62, coverage=99.8%; middle variance=1288.94, coverage=100.0%; lower variance=1663.47, coverage=100.0%.
UnityEngine.Debug:ExtractStackTraceNoAlloc (byte*,int,string)
UnityEngine.StackTraceUtility:ExtractStackTrace ()
UnityEngine.DebugLogHandler:Internal_Log (UnityEngine.LogType,UnityEngine.LogOption,string,UnityEngine.Object)
UnityEngine.DebugLogHandler:LogFormat (UnityEngine.LogType,UnityEngine.Object,string,object[])
PathOfTenThousandWays.Editor.DisableUnityConnectOnLoad/UnityConnectTokenExchangeLogFilter:LogFormat (UnityEngine.LogType,UnityEngine.Object,string,object[]) (at Assets/Editor/DisableUnityConnectOnLoad.cs:430)
UnityEngine.Logger:Log (UnityEngine.LogType,object)
UnityEngine.Debug:Log (object)
PathOfTenThousandWays.Demo.EditorTools.DemoPostBattleScreenshotTool/CaptureSession:ValidatePixels (UnityEngine.Texture2D) (at Assets/Editor/DemoPostBattleScreenshotTool.cs:648)
PathOfTenThousandWays.Demo.EditorTools.DemoPostBattleScreenshotTool/CaptureSession:Capture () (at Assets/Editor/DemoPostBattleScreenshotTool.cs:591)
PathOfTenThousandWays.Demo.EditorTools.DemoPostBattleScreenshotTool/CaptureSession:Tick () (at Assets/Editor/DemoPostBattleScreenshotTool.cs:491)
PathOfTenThousandWays.Demo.EditorTools.DemoPostBattleScreenshotTool:UpdateCapture () (at Assets/Editor/DemoPostBattleScreenshotTool.cs:69)
UnityEditor.EditorApplication:Internal_CallUpdateFunctions ()

(Filename: Assets/Editor/DemoPostBattleScreenshotTool.cs Line: 648)

Captured commercial UI screenshot: D:\MyGame\Path_of_Ten_Thousand_Ways\tmp\tmp\battle_opening_realtime.png
UnityEngine.Debug:ExtractStackTraceNoAlloc (byte*,int,string)
UnityEngine.StackTraceUtility:ExtractStackTrace ()
UnityEngine.DebugLogHandler:Internal_Log (UnityEngine.LogType,UnityEngine.LogOption,string,UnityEngine.Object)
UnityEngine.DebugLogHandler:LogFormat (UnityEngine.LogType,UnityEngine.Object,string,object[])
PathOfTenThousandWays.Editor.DisableUnityConnectOnLoad/UnityConnectTokenExchangeLogFilter:LogFormat (UnityEngine.LogType,UnityEngine.Object,string,object[]) (at Assets/Editor/DisableUnityConnectOnLoad.cs:430)
UnityEngine.Logger:Log (UnityEngine.LogType,object)
UnityEngine.Debug:Log (object)
PathOfTenThousandWays.Demo.EditorTools.DemoPostBattleScreenshotTool/CaptureSession:Tick () (at Assets/Editor/DemoPostBattleScreenshotTool.cs:496)
PathOfTenThousandWays.Demo.EditorTools.DemoPostBattleScreenshotTool:UpdateCapture () (at Assets/Editor/DemoPostBattleScreenshotTool.cs:69)
UnityEditor.EditorApplication:Internal_CallUpdateFunctions ()

(Filename: Assets/Editor/DemoPostBattleScreenshotTool.cs Line: 496)

Capture pixel check battle_opening_realtime_1280x720.png: upper variance=1737.30, coverage=99.9%; middle variance=1266.92, coverage=100.0%; lower variance=1645.38, coverage=100.0%.
UnityEngine.Debug:ExtractStackTraceNoAlloc (byte*,int,string)
UnityEngine.StackTraceUtility:ExtractStackTrace ()
UnityEngine.DebugLogHandler:Internal_Log (UnityEngine.LogType,UnityEngine.LogOption,string,UnityEngine.Object)
UnityEngine.DebugLogHandler:LogFormat (UnityEngine.LogType,UnityEngine.Object,string,object[])
PathOfTenThousandWays.Editor.DisableUnityConnectOnLoad/UnityConnectTokenExchangeLogFilter:LogFormat (UnityEngine.LogType,UnityEngine.Object,string,object[]) (at Assets/Editor/DisableUnityConnectOnLoad.cs:430)
UnityEngine.Logger:Log (UnityEngine.LogType,object)
UnityEngine.Debug:Log (object)
PathOfTenThousandWays.Demo.EditorTools.DemoPostBattleScreenshotTool/CaptureSession:ValidatePixels (UnityEngine.Texture2D) (at Assets/Editor/DemoPostBattleScreenshotTool.cs:648)
PathOfTenThousandWays.Demo.EditorTools.DemoPostBattleScreenshotTool/CaptureSession:Capture () (at Assets/Editor/DemoPostBattleScreenshotTool.cs:591)
PathOfTenThousandWays.Demo.EditorTools.DemoPostBattleScreenshotTool/CaptureSession:Tick () (at Assets/Editor/DemoPostBattleScreenshotTool.cs:491)
PathOfTenThousandWays.Demo.EditorTools.DemoPostBattleScreenshotTool:UpdateCapture () (at Assets/Editor/DemoPostBattleScreenshotTool.cs:69)
UnityEditor.EditorApplication:Internal_CallUpdateFunctions ()

(Filename: Assets/Editor/DemoPostBattleScreenshotTool.cs Line: 648)

Captured commercial UI screenshot: D:\MyGame\Path_of_Ten_Thousand_Ways\tmp\tmp\battle_opening_realtime_1280x720.png
UnityEngine.Debug:ExtractStackTraceNoAlloc (byte*,int,string)
UnityEngine.StackTraceUtility:ExtractStackTrace ()
UnityEngine.DebugLogHandler:Internal_Log (UnityEngine.LogType,UnityEngine.LogOption,string,UnityEngine.Object)
UnityEngine.DebugLogHandler:LogFormat (UnityEngine.LogType,UnityEngine.Object,string,object[])
PathOfTenThousandWays.Editor.DisableUnityConnectOnLoad/UnityConnectTokenExchangeLogFilter:LogFormat (UnityEngine.LogType,UnityEngine.Object,string,object[]) (at Assets/Editor/DisableUnityConnectOnLoad.cs:430)
UnityEngine.Logger:Log (UnityEngine.LogType,object)
UnityEngine.Debug:Log (object)
PathOfTenThousandWays.Demo.EditorTools.DemoPostBattleScreenshotTool/CaptureSession:Tick () (at Assets/Editor/DemoPostBattleScreenshotTool.cs:496)
PathOfTenThousandWays.Demo.EditorTools.DemoPostBattleScreenshotTool:UpdateCapture () (at Assets/Editor/DemoPostBattleScreenshotTool.cs:69)
UnityEditor.EditorApplication:Internal_CallUpdateFunctions ()

(Filename: Assets/Editor/DemoPostBattleScreenshotTool.cs Line: 496)

Capture pixel check post_battle_reward_commercial.png: upper variance=626.53, coverage=99.8%; middle variance=518.41, coverage=100.0%; lower variance=348.74, coverage=100.0%.
UnityEngine.Debug:ExtractStackTraceNoAlloc (byte*,int,string)
UnityEngine.StackTraceUtility:ExtractStackTrace ()
UnityEngine.DebugLogHandler:Internal_Log (UnityEngine.LogType,UnityEngine.LogOption,string,UnityEngine.Object)
UnityEngine.DebugLogHandler:LogFormat (UnityEngine.LogType,UnityEngine.Object,string,object[])
PathOfTenThousandWays.Editor.DisableUnityConnectOnLoad/UnityConnectTokenExchangeLogFilter:LogFormat (UnityEngine.LogType,UnityEngine.Object,string,object[]) (at Assets/Editor/DisableUnityConnectOnLoad.cs:430)
UnityEngine.Logger:Log (UnityEngine.LogType,object)
UnityEngine.Debug:Log (object)
PathOfTenThousandWays.Demo.EditorTools.DemoPostBattleScreenshotTool/CaptureSession:ValidatePixels (UnityEngine.Texture2D) (at Assets/Editor/DemoPostBattleScreenshotTool.cs:648)
PathOfTenThousandWays.Demo.EditorTools.DemoPostBattleScreenshotTool/CaptureSession:Capture () (at Assets/Editor/DemoPostBattleScreenshotTool.cs:591)
PathOfTenThousandWays.Demo.EditorTools.DemoPostBattleScreenshotTool/CaptureSession:Tick () (at Assets/Editor/DemoPostBattleScreenshotTool.cs:491)
PathOfTenThousandWays.Demo.EditorTools.DemoPostBattleScreenshotTool:UpdateCapture () (at Assets/Editor/DemoPostBattleScreenshotTool.cs:69)
UnityEditor.EditorApplication:Internal_CallUpdateFunctions ()

(Filename: Assets/Editor/DemoPostBattleScreenshotTool.cs Line: 648)

Captured commercial UI screenshot: D:\MyGame\Path_of_Ten_Thousand_Ways\tmp\tmp\post_battle_reward_commercial.png
UnityEngine.Debug:ExtractStackTraceNoAlloc (byte*,int,string)
UnityEngine.StackTraceUtility:ExtractStackTrace ()
UnityEngine.DebugLogHandler:Internal_Log (UnityEngine.LogType,UnityEngine.LogOption,string,UnityEngine.Object)
UnityEngine.DebugLogHandler:LogFormat (UnityEngine.LogType,UnityEngine.Object,string,object[])
PathOfTenThousandWays.Editor.DisableUnityConnectOnLoad/UnityConnectTokenExchangeLogFilter:LogFormat (UnityEngine.LogType,UnityEngine.Object,string,object[]) (at Assets/Editor/DisableUnityConnectOnLoad.cs:430)
UnityEngine.Logger:Log (UnityEngine.LogType,object)
UnityEngine.Debug:Log (object)
PathOfTenThousandWays.Demo.EditorTools.DemoPostBattleScreenshotTool/CaptureSession:Tick () (at Assets/Editor/DemoPostBattleScreenshotTool.cs:496)
PathOfTenThousandWays.Demo.EditorTools.DemoPostBattleScreenshotTool:UpdateCapture () (at Assets/Editor/DemoPostBattleScreenshotTool.cs:69)
UnityEditor.EditorApplication:Internal_CallUpdateFunctions ()

(Filename: Assets/Editor/DemoPostBattleScreenshotTool.cs Line: 496)

Capture pixel check post_battle_reward_commercial_1280x720.png: upper variance=685.86, coverage=99.8%; middle variance=513.14, coverage=100.0%; lower variance=389.57, coverage=100.0%.
UnityEngine.Debug:ExtractStackTraceNoAlloc (byte*,int,string)
UnityEngine.StackTraceUtility:ExtractStackTrace ()
UnityEngine.DebugLogHandler:Internal_Log (UnityEngine.LogType,UnityEngine.LogOption,string,UnityEngine.Object)
UnityEngine.DebugLogHandler:LogFormat (UnityEngine.LogType,UnityEngine.Object,string,object[])
PathOfTenThousandWays.Editor.DisableUnityConnectOnLoad/UnityConnectTokenExchangeLogFilter:LogFormat (UnityEngine.LogType,UnityEngine.Object,string,object[]) (at Assets/Editor/DisableUnityConnectOnLoad.cs:430)
UnityEngine.Logger:Log (UnityEngine.LogType,object)
UnityEngine.Debug:Log (object)
PathOfTenThousandWays.Demo.EditorTools.DemoPostBattleScreenshotTool/CaptureSession:ValidatePixels (UnityEngine.Texture2D) (at Assets/Editor/DemoPostBattleScreenshotTool.cs:648)
PathOfTenThousandWays.Demo.EditorTools.DemoPostBattleScreenshotTool/CaptureSession:Capture () (at Assets/Editor/DemoPostBattleScreenshotTool.cs:591)
PathOfTenThousandWays.Demo.EditorTools.DemoPostBattleScreenshotTool/CaptureSession:Tick () (at Assets/Editor/DemoPostBattleScreenshotTool.cs:491)
PathOfTenThousandWays.Demo.EditorTools.DemoPostBattleScreenshotTool:UpdateCapture () (at Assets/Editor/DemoPostBattleScreenshotTool.cs:69)
UnityEditor.EditorApplication:Internal_CallUpdateFunctions ()

(Filename: Assets/Editor/DemoPostBattleScreenshotTool.cs Line: 648)

Captured commercial UI screenshot: D:\MyGame\Path_of_Ten_Thousand_Ways\tmp\tmp\post_battle_reward_commercial_1280x720.png
UnityEngine.Debug:ExtractStackTraceNoAlloc (byte*,int,string)
UnityEngine.StackTraceUtility:ExtractStackTrace ()
UnityEngine.DebugLogHandler:Internal_Log (UnityEngine.LogType,UnityEngine.LogOption,string,UnityEngine.Object)
UnityEngine.DebugLogHandler:LogFormat (UnityEngine.LogType,UnityEngine.Object,string,object[])
PathOfTenThousandWays.Editor.DisableUnityConnectOnLoad/UnityConnectTokenExchangeLogFilter:LogFormat (UnityEngine.LogType,UnityEngine.Object,string,object[]) (at Assets/Editor/DisableUnityConnectOnLoad.cs:430)
UnityEngine.Logger:Log (UnityEngine.LogType,object)
UnityEngine.Debug:Log (object)
PathOfTenThousandWays.Demo.EditorTools.DemoPostBattleScreenshotTool/CaptureSession:Tick () (at Assets/Editor/DemoPostBattleScreenshotTool.cs:496)
PathOfTenThousandWays.Demo.EditorTools.DemoPostBattleScreenshotTool:UpdateCapture () (at Assets/Editor/DemoPostBattleScreenshotTool.cs:69)
UnityEditor.EditorApplication:Internal_CallUpdateFunctions ()

(Filename: Assets/Editor/DemoPostBattleScreenshotTool.cs Line: 496)

Capture pixel check post_battle_route_commercial.png: upper variance=1233.88, coverage=99.8%; middle variance=1393.07, coverage=98.6%; lower variance=255.88, coverage=100.0%.
UnityEngine.Debug:ExtractStackTraceNoAlloc (byte*,int,string)
UnityEngine.StackTraceUtility:ExtractStackTrace ()
UnityEngine.DebugLogHandler:Internal_Log (UnityEngine.LogType,UnityEngine.LogOption,string,UnityEngine.Object)
UnityEngine.DebugLogHandler:LogFormat (UnityEngine.LogType,UnityEngine.Object,string,object[])
PathOfTenThousandWays.Editor.DisableUnityConnectOnLoad/UnityConnectTokenExchangeLogFilter:LogFormat (UnityEngine.LogType,UnityEngine.Object,string,object[]) (at Assets/Editor/DisableUnityConnectOnLoad.cs:430)
UnityEngine.Logger:Log (UnityEngine.LogType,object)
UnityEngine.Debug:Log (object)
PathOfTenThousandWays.Demo.EditorTools.DemoPostBattleScreenshotTool/CaptureSession:ValidatePixels (UnityEngine.Texture2D) (at Assets/Editor/DemoPostBattleScreenshotTool.cs:648)
PathOfTenThousandWays.Demo.EditorTools.DemoPostBattleScreenshotTool/CaptureSession:Capture () (at Assets/Editor/DemoPostBattleScreenshotTool.cs:591)
PathOfTenThousandWays.Demo.EditorTools.DemoPostBattleScreenshotTool/CaptureSession:Tick () (at Assets/Editor/DemoPostBattleScreenshotTool.cs:491)
PathOfTenThousandWays.Demo.EditorTools.DemoPostBattleScreenshotTool:UpdateCapture () (at Assets/Editor/DemoPostBattleScreenshotTool.cs:69)
UnityEditor.EditorApplication:Internal_CallUpdateFunctions ()

(Filename: Assets/Editor/DemoPostBattleScreenshotTool.cs Line: 648)

Captured commercial UI screenshot: D:\MyGame\Path_of_Ten_Thousand_Ways\tmp\tmp\post_battle_route_commercial.png
UnityEngine.Debug:ExtractStackTraceNoAlloc (byte*,int,string)
UnityEngine.StackTraceUtility:ExtractStackTrace ()
UnityEngine.DebugLogHandler:Internal_Log (UnityEngine.LogType,UnityEngine.LogOption,string,UnityEngine.Object)
UnityEngine.DebugLogHandler:LogFormat (UnityEngine.LogType,UnityEngine.Object,string,object[])
PathOfTenThousandWays.Editor.DisableUnityConnectOnLoad/UnityConnectTokenExchangeLogFilter:LogFormat (UnityEngine.LogType,UnityEngine.Object,string,object[]) (at Assets/Editor/DisableUnityConnectOnLoad.cs:430)
UnityEngine.Logger:Log (UnityEngine.LogType,object)
UnityEngine.Debug:Log (object)
PathOfTenThousandWays.Demo.EditorTools.DemoPostBattleScreenshotTool/CaptureSession:Tick () (at Assets/Editor/DemoPostBattleScreenshotTool.cs:496)
PathOfTenThousandWays.Demo.EditorTools.DemoPostBattleScreenshotTool:UpdateCapture () (at Assets/Editor/DemoPostBattleScreenshotTool.cs:69)
UnityEditor.EditorApplication:Internal_CallUpdateFunctions ()

(Filename: Assets/Editor/DemoPostBattleScreenshotTool.cs Line: 496)

Capture pixel check post_battle_route_commercial_1280x720.png: upper variance=1271.94, coverage=99.8%; middle variance=1488.66, coverage=98.1%; lower variance=263.60, coverage=100.0%.
UnityEngine.Debug:ExtractStackTraceNoAlloc (byte*,int,string)
UnityEngine.StackTraceUtility:ExtractStackTrace ()
UnityEngine.DebugLogHandler:Internal_Log (UnityEngine.LogType,UnityEngine.LogOption,string,UnityEngine.Object)
UnityEngine.DebugLogHandler:LogFormat (UnityEngine.LogType,UnityEngine.Object,string,object[])
PathOfTenThousandWays.Editor.DisableUnityConnectOnLoad/UnityConnectTokenExchangeLogFilter:LogFormat (UnityEngine.LogType,UnityEngine.Object,string,object[]) (at Assets/Editor/DisableUnityConnectOnLoad.cs:430)
UnityEngine.Logger:Log (UnityEngine.LogType,object)
UnityEngine.Debug:Log (object)
PathOfTenThousandWays.Demo.EditorTools.DemoPostBattleScreenshotTool/CaptureSession:ValidatePixels (UnityEngine.Texture2D) (at Assets/Editor/DemoPostBattleScreenshotTool.cs:648)
PathOfTenThousandWays.Demo.EditorTools.DemoPostBattleScreenshotTool/CaptureSession:Capture () (at Assets/Editor/DemoPostBattleScreenshotTool.cs:591)
PathOfTenThousandWays.Demo.EditorTools.DemoPostBattleScreenshotTool/CaptureSession:Tick () (at Assets/Editor/DemoPostBattleScreenshotTool.cs:491)
PathOfTenThousandWays.Demo.EditorTools.DemoPostBattleScreenshotTool:UpdateCapture () (at Assets/Editor/DemoPostBattleScreenshotTool.cs:69)
UnityEditor.EditorApplication:Internal_CallUpdateFunctions ()

(Filename: Assets/Editor/DemoPostBattleScreenshotTool.cs Line: 648)

Captured commercial UI screenshot: D:\MyGame\Path_of_Ten_Thousand_Ways\tmp\tmp\post_battle_route_commercial_1280x720.png
UnityEngine.Debug:ExtractStackTraceNoAlloc (byte*,int,string)
UnityEngine.StackTraceUtility:ExtractStackTrace ()
UnityEngine.DebugLogHandler:Internal_Log (UnityEngine.LogType,UnityEngine.LogOption,string,UnityEngine.Object)
UnityEngine.DebugLogHandler:LogFormat (UnityEngine.LogType,UnityEngine.Object,string,object[])
PathOfTenThousandWays.Editor.DisableUnityConnectOnLoad/UnityConnectTokenExchangeLogFilter:LogFormat (UnityEngine.LogType,UnityEngine.Object,string,object[]) (at Assets/Editor/DisableUnityConnectOnLoad.cs:430)
UnityEngine.Logger:Log (UnityEngine.LogType,object)
UnityEngine.Debug:Log (object)
PathOfTenThousandWays.Demo.EditorTools.DemoPostBattleScreenshotTool/CaptureSession:Tick () (at Assets/Editor/DemoPostBattleScreenshotTool.cs:496)
PathOfTenThousandWays.Demo.EditorTools.DemoPostBattleScreenshotTool:UpdateCapture () (at Assets/Editor/DemoPostBattleScreenshotTool.cs:69)
UnityEditor.EditorApplication:Internal_CallUpdateFunctions ()

(Filename: Assets/Editor/DemoPostBattleScreenshotTool.cs Line: 496)

Capture pixel check battle_mid_multi_sword.png: upper variance=1255.54, coverage=99.8%; middle variance=1641.67, coverage=99.1%; lower variance=777.42, coverage=100.0%.
UnityEngine.Debug:ExtractStackTraceNoAlloc (byte*,int,string)
UnityEngine.StackTraceUtility:ExtractStackTrace ()
UnityEngine.DebugLogHandler:Internal_Log (UnityEngine.LogType,UnityEngine.LogOption,string,UnityEngine.Object)
UnityEngine.DebugLogHandler:LogFormat (UnityEngine.LogType,UnityEngine.Object,string,object[])
PathOfTenThousandWays.Editor.DisableUnityConnectOnLoad/UnityConnectTokenExchangeLogFilter:LogFormat (UnityEngine.LogType,UnityEngine.Object,string,object[]) (at Assets/Editor/DisableUnityConnectOnLoad.cs:430)
UnityEngine.Logger:Log (UnityEngine.LogType,object)
UnityEngine.Debug:Log (object)
PathOfTenThousandWays.Demo.EditorTools.DemoPostBattleScreenshotTool/CaptureSession:ValidatePixels (UnityEngine.Texture2D) (at Assets/Editor/DemoPostBattleScreenshotTool.cs:648)
PathOfTenThousandWays.Demo.EditorTools.DemoPostBattleScreenshotTool/CaptureSession:Capture () (at Assets/Editor/DemoPostBattleScreenshotTool.cs:591)
PathOfTenThousandWays.Demo.EditorTools.DemoPostBattleScreenshotTool/CaptureSession:Tick () (at Assets/Editor/DemoPostBattleScreenshotTool.cs:491)
PathOfTenThousandWays.Demo.EditorTools.DemoPostBattleScreenshotTool:UpdateCapture () (at Assets/Editor/DemoPostBattleScreenshotTool.cs:69)
UnityEditor.EditorApplication:Internal_CallUpdateFunctions ()

(Filename: Assets/Editor/DemoPostBattleScreenshotTool.cs Line: 648)

Captured commercial UI screenshot: D:\MyGame\Path_of_Ten_Thousand_Ways\tmp\tmp\battle_mid_multi_sword.png
UnityEngine.Debug:ExtractStackTraceNoAlloc (byte*,int,string)
UnityEngine.StackTraceUtility:ExtractStackTrace ()
UnityEngine.DebugLogHandler:Internal_Log (UnityEngine.LogType,UnityEngine.LogOption,string,UnityEngine.Object)
UnityEngine.DebugLogHandler:LogFormat (UnityEngine.LogType,UnityEngine.Object,string,object[])
PathOfTenThousandWays.Editor.DisableUnityConnectOnLoad/UnityConnectTokenExchangeLogFilter:LogFormat (UnityEngine.LogType,UnityEngine.Object,string,object[]) (at Assets/Editor/DisableUnityConnectOnLoad.cs:430)
UnityEngine.Logger:Log (UnityEngine.LogType,object)
UnityEngine.Debug:Log (object)
PathOfTenThousandWays.Demo.EditorTools.DemoPostBattleScreenshotTool/CaptureSession:Tick () (at Assets/Editor/DemoPostBattleScreenshotTool.cs:496)
PathOfTenThousandWays.Demo.EditorTools.DemoPostBattleScreenshotTool:UpdateCapture () (at Assets/Editor/DemoPostBattleScreenshotTool.cs:69)
UnityEditor.EditorApplication:Internal_CallUpdateFunctions ()

(Filename: Assets/Editor/DemoPostBattleScreenshotTool.cs Line: 496)

Capture pixel check battle_boss_intent.png: upper variance=1255.25, coverage=99.8%; middle variance=1641.58, coverage=99.1%; lower variance=776.93, coverage=100.0%.
UnityEngine.Debug:ExtractStackTraceNoAlloc (byte*,int,string)
UnityEngine.StackTraceUtility:ExtractStackTrace ()
UnityEngine.DebugLogHandler:Internal_Log (UnityEngine.LogType,UnityEngine.LogOption,string,UnityEngine.Object)
UnityEngine.DebugLogHandler:LogFormat (UnityEngine.LogType,UnityEngine.Object,string,object[])
PathOfTenThousandWays.Editor.DisableUnityConnectOnLoad/UnityConnectTokenExchangeLogFilter:LogFormat (UnityEngine.LogType,UnityEngine.Object,string,object[]) (at Assets/Editor/DisableUnityConnectOnLoad.cs:430)
UnityEngine.Logger:Log (UnityEngine.LogType,object)
UnityEngine.Debug:Log (object)
PathOfTenThousandWays.Demo.EditorTools.DemoPostBattleScreenshotTool/CaptureSession:ValidatePixels (UnityEngine.Texture2D) (at Assets/Editor/DemoPostBattleScreenshotTool.cs:648)
PathOfTenThousandWays.Demo.EditorTools.DemoPostBattleScreenshotTool/CaptureSession:Capture () (at Assets/Editor/DemoPostBattleScreenshotTool.cs:591)
PathOfTenThousandWays.Demo.EditorTools.DemoPostBattleScreenshotTool/CaptureSession:Tick () (at Assets/Editor/DemoPostBattleScreenshotTool.cs:491)
PathOfTenThousandWays.Demo.EditorTools.DemoPostBattleScreenshotTool:UpdateCapture () (at Assets/Editor/DemoPostBattleScreenshotTool.cs:69)
UnityEditor.EditorApplication:Internal_CallUpdateFunctions ()

(Filename: Assets/Editor/DemoPostBattleScreenshotTool.cs Line: 648)

Captured commercial UI screenshot: D:\MyGame\Path_of_Ten_Thousand_Ways\tmp\tmp\battle_boss_intent.png
UnityEngine.Debug:ExtractStackTraceNoAlloc (byte*,int,string)
UnityEngine.StackTraceUtility:ExtractStackTrace ()
UnityEngine.DebugLogHandler:Internal_Log (UnityEngine.LogType,UnityEngine.LogOption,string,UnityEngine.Object)
UnityEngine.DebugLogHandler:LogFormat (UnityEngine.LogType,UnityEngine.Object,string,object[])
PathOfTenThousandWays.Editor.DisableUnityConnectOnLoad/UnityConnectTokenExchangeLogFilter:LogFormat (UnityEngine.LogType,UnityEngine.Object,string,object[]) (at Assets/Editor/DisableUnityConnectOnLoad.cs:430)
UnityEngine.Logger:Log (UnityEngine.LogType,object)
UnityEngine.Debug:Log (object)
PathOfTenThousandWays.Demo.EditorTools.DemoPostBattleScreenshotTool/CaptureSession:Tick () (at Assets/Editor/DemoPostBattleScreenshotTool.cs:496)
PathOfTenThousandWays.Demo.EditorTools.DemoPostBattleScreenshotTool:UpdateCapture () (at Assets/Editor/DemoPostBattleScreenshotTool.cs:69)
UnityEditor.EditorApplication:Internal_CallUpdateFunctions ()

(Filename: Assets/Editor/DemoPostBattleScreenshotTool.cs Line: 496)

Capture pixel check post_battle_node_commercial.png: upper variance=463.28, coverage=98.7%; middle variance=200.31, coverage=100.0%; lower variance=885.33, coverage=100.0%.
UnityEngine.Debug:ExtractStackTraceNoAlloc (byte*,int,string)
UnityEngine.StackTraceUtility:ExtractStackTrace ()
UnityEngine.DebugLogHandler:Internal_Log (UnityEngine.LogType,UnityEngine.LogOption,string,UnityEngine.Object)
UnityEngine.DebugLogHandler:LogFormat (UnityEngine.LogType,UnityEngine.Object,string,object[])
PathOfTenThousandWays.Editor.DisableUnityConnectOnLoad/UnityConnectTokenExchangeLogFilter:LogFormat (UnityEngine.LogType,UnityEngine.Object,string,object[]) (at Assets/Editor/DisableUnityConnectOnLoad.cs:430)
UnityEngine.Logger:Log (UnityEngine.LogType,object)
UnityEngine.Debug:Log (object)
PathOfTenThousandWays.Demo.EditorTools.DemoPostBattleScreenshotTool/CaptureSession:ValidatePixels (UnityEngine.Texture2D) (at Assets/Editor/DemoPostBattleScreenshotTool.cs:648)
PathOfTenThousandWays.Demo.EditorTools.DemoPostBattleScreenshotTool/CaptureSession:Capture () (at Assets/Editor/DemoPostBattleScreenshotTool.cs:591)
PathOfTenThousandWays.Demo.EditorTools.DemoPostBattleScreenshotTool/CaptureSession:Tick () (at Assets/Editor/DemoPostBattleScreenshotTool.cs:491)
PathOfTenThousandWays.Demo.EditorTools.DemoPostBattleScreenshotTool:UpdateCapture () (at Assets/Editor/DemoPostBattleScreenshotTool.cs:69)
UnityEditor.EditorApplication:Internal_CallUpdateFunctions ()

(Filename: Assets/Editor/DemoPostBattleScreenshotTool.cs Line: 648)

Captured commercial UI screenshot: D:\MyGame\Path_of_Ten_Thousand_Ways\tmp\tmp\post_battle_node_commercial.png
UnityEngine.Debug:ExtractStackTraceNoAlloc (byte*,int,string)
UnityEngine.StackTraceUtility:ExtractStackTrace ()
UnityEngine.DebugLogHandler:Internal_Log (UnityEngine.LogType,UnityEngine.LogOption,string,UnityEngine.Object)
UnityEngine.DebugLogHandler:LogFormat (UnityEngine.LogType,UnityEngine.Object,string,object[])
PathOfTenThousandWays.Editor.DisableUnityConnectOnLoad/UnityConnectTokenExchangeLogFilter:LogFormat (UnityEngine.LogType,UnityEngine.Object,string,object[]) (at Assets/Editor/DisableUnityConnectOnLoad.cs:430)
UnityEngine.Logger:Log (UnityEngine.LogType,object)
UnityEngine.Debug:Log (object)
PathOfTenThousandWays.Demo.EditorTools.DemoPostBattleScreenshotTool/CaptureSession:Tick () (at Assets/Editor/DemoPostBattleScreenshotTool.cs:496)
PathOfTenThousandWays.Demo.EditorTools.DemoPostBattleScreenshotTool:UpdateCapture () (at Assets/Editor/DemoPostBattleScreenshotTool.cs:69)
UnityEditor.EditorApplication:Internal_CallUpdateFunctions ()

(Filename: Assets/Editor/DemoPostBattleScreenshotTool.cs Line: 496)

Capture pixel check run_result_victory.png: upper variance=445.06, coverage=98.7%; middle variance=211.72, coverage=100.0%; lower variance=889.57, coverage=100.0%.
UnityEngine.Debug:ExtractStackTraceNoAlloc (byte*,int,string)
UnityEngine.StackTraceUtility:ExtractStackTrace ()
UnityEngine.DebugLogHandler:Internal_Log (UnityEngine.LogType,UnityEngine.LogOption,string,UnityEngine.Object)
UnityEngine.DebugLogHandler:LogFormat (UnityEngine.LogType,UnityEngine.Object,string,object[])
PathOfTenThousandWays.Editor.DisableUnityConnectOnLoad/UnityConnectTokenExchangeLogFilter:LogFormat (UnityEngine.LogType,UnityEngine.Object,string,object[]) (at Assets/Editor/DisableUnityConnectOnLoad.cs:430)
UnityEngine.Logger:Log (UnityEngine.LogType,object)
UnityEngine.Debug:Log (object)
PathOfTenThousandWays.Demo.EditorTools.DemoPostBattleScreenshotTool/CaptureSession:ValidatePixels (UnityEngine.Texture2D) (at Assets/Editor/DemoPostBattleScreenshotTool.cs:648)
PathOfTenThousandWays.Demo.EditorTools.DemoPostBattleScreenshotTool/CaptureSession:Capture () (at Assets/Editor/DemoPostBattleScreenshotTool.cs:591)
PathOfTenThousandWays.Demo.EditorTools.DemoPostBattleScreenshotTool/CaptureSession:Tick () (at Assets/Editor/DemoPostBattleScreenshotTool.cs:491)
PathOfTenThousandWays.Demo.EditorTools.DemoPostBattleScreenshotTool:UpdateCapture () (at Assets/Editor/DemoPostBattleScreenshotTool.cs:69)
UnityEditor.EditorApplication:Internal_CallUpdateFunctions ()

(Filename: Assets/Editor/DemoPostBattleScreenshotTool.cs Line: 648)

Captured commercial UI screenshot: D:\MyGame\Path_of_Ten_Thousand_Ways\tmp\tmp\run_result_victory.png
UnityEngine.Debug:ExtractStackTraceNoAlloc (byte*,int,string)
UnityEngine.StackTraceUtility:ExtractStackTrace ()
UnityEngine.DebugLogHandler:Internal_Log (UnityEngine.LogType,UnityEngine.LogOption,string,UnityEngine.Object)
UnityEngine.DebugLogHandler:LogFormat (UnityEngine.LogType,UnityEngine.Object,string,object[])
PathOfTenThousandWays.Editor.DisableUnityConnectOnLoad/UnityConnectTokenExchangeLogFilter:LogFormat (UnityEngine.LogType,UnityEngine.Object,string,object[]) (at Assets/Editor/DisableUnityConnectOnLoad.cs:430)
UnityEngine.Logger:Log (UnityEngine.LogType,object)
UnityEngine.Debug:Log (object)
PathOfTenThousandWays.Demo.EditorTools.DemoPostBattleScreenshotTool/CaptureSession:Tick () (at Assets/Editor/DemoPostBattleScreenshotTool.cs:496)
PathOfTenThousandWays.Demo.EditorTools.DemoPostBattleScreenshotTool:UpdateCapture () (at Assets/Editor/DemoPostBattleScreenshotTool.cs:69)
UnityEditor.EditorApplication:Internal_CallUpdateFunctions ()

(Filename: Assets/Editor/DemoPostBattleScreenshotTool.cs Line: 496)

Capture pixel check run_result_defeat.png: upper variance=452.93, coverage=98.7%; middle variance=208.63, coverage=100.0%; lower variance=889.96, coverage=100.0%.
UnityEngine.Debug:ExtractStackTraceNoAlloc (byte*,int,string)
UnityEngine.StackTraceUtility:ExtractStackTrace ()
UnityEngine.DebugLogHandler:Internal_Log (UnityEngine.LogType,UnityEngine.LogOption,string,UnityEngine.Object)
UnityEngine.DebugLogHandler:LogFormat (UnityEngine.LogType,UnityEngine.Object,string,object[])
PathOfTenThousandWays.Editor.DisableUnityConnectOnLoad/UnityConnectTokenExchangeLogFilter:LogFormat (UnityEngine.LogType,UnityEngine.Object,string,object[]) (at Assets/Editor/DisableUnityConnectOnLoad.cs:430)
UnityEngine.Logger:Log (UnityEngine.LogType,object)
UnityEngine.Debug:Log (object)
PathOfTenThousandWays.Demo.EditorTools.DemoPostBattleScreenshotTool/CaptureSession:ValidatePixels (UnityEngine.Texture2D) (at Assets/Editor/DemoPostBattleScreenshotTool.cs:648)
PathOfTenThousandWays.Demo.EditorTools.DemoPostBattleScreenshotTool/CaptureSession:Capture () (at Assets/Editor/DemoPostBattleScreenshotTool.cs:591)
PathOfTenThousandWays.Demo.EditorTools.DemoPostBattleScreenshotTool/CaptureSession:Tick () (at Assets/Editor/DemoPostBattleScreenshotTool.cs:491)
PathOfTenThousandWays.Demo.EditorTools.DemoPostBattleScreenshotTool:UpdateCapture () (at Assets/Editor/DemoPostBattleScreenshotTool.cs:69)
UnityEditor.EditorApplication:Internal_CallUpdateFunctions ()

(Filename: Assets/Editor/DemoPostBattleScreenshotTool.cs Line: 648)

Captured commercial UI screenshot: D:\MyGame\Path_of_Ten_Thousand_Ways\tmp\tmp\run_result_defeat.png
UnityEngine.Debug:ExtractStackTraceNoAlloc (byte*,int,string)
UnityEngine.StackTraceUtility:ExtractStackTrace ()
UnityEngine.DebugLogHandler:Internal_Log (UnityEngine.LogType,UnityEngine.LogOption,string,UnityEngine.Object)
UnityEngine.DebugLogHandler:LogFormat (UnityEngine.LogType,UnityEngine.Object,string,object[])
PathOfTenThousandWays.Editor.DisableUnityConnectOnLoad/UnityConnectTokenExchangeLogFilter:LogFormat (UnityEngine.LogType,UnityEngine.Object,string,object[]) (at Assets/Editor/DisableUnityConnectOnLoad.cs:430)
UnityEngine.Logger:Log (UnityEngine.LogType,object)
UnityEngine.Debug:Log (object)
PathOfTenThousandWays.Demo.EditorTools.DemoPostBattleScreenshotTool/CaptureSession:Tick () (at Assets/Editor/DemoPostBattleScreenshotTool.cs:496)
PathOfTenThousandWays.Demo.EditorTools.DemoPostBattleScreenshotTool:UpdateCapture () (at Assets/Editor/DemoPostBattleScreenshotTool.cs:69)
UnityEditor.EditorApplication:Internal_CallUpdateFunctions ()

(Filename: Assets/Editor/DemoPostBattleScreenshotTool.cs Line: 496)

Unloading 32 Unused Serialized files (Serialized files now loaded: 0)
Loaded scene 'Temp/__Backupscenes/0.backup'
	Deserialize:            0.271 ms
	Integration:            7.268 ms
	Integration of assets:  0.001 ms
	Thread Wait Time:       0.034 ms
	Total Operation Time:   7.574 ms
Unloading 34 unused Assets / (454.3 KB). Loaded Objects now: 1464.
Memory consumption went from 133.8 MB to 133.4 MB.
Total: 6.173100 ms (FindLiveObjects: 0.139800 ms CreateObjectMapping: 0.045900 ms MarkObjects: 5.753800 ms  DeleteObjects: 0.232400 ms)

[Licensing::Client] Successfully resolved entitlement details
[UnityConnectServicesConfig] config is NOT valid, switching to default
[Physics::Module] Cleanup current backend.
[Physics::Module] Id: 0xf2b8ea05
Input System module state changed to: ShutdownInProgress.
Input System polling thread exited.
Input System module state changed to: Shutdown.
[Licensing::IpcConnector] LicenseClient-张海桃-6000.3.17-notifications channel disconnected successfully.
[Licensing::IpcConnector] LicenseClient-张海桃-6000.3.17 channel disconnected successfully.
AcceleratorClientConnectionCallback - disconnected - :0
Cleanup mono
Checking for leaked weakptr:
  Found no leaked weakptrs.
[Package Manager] Server process was shutdown
##utp:{"type":"MemoryLeaks","version":2,"phase":"Immediate","time":1784040773117,"processId":22784,"allocatedMemory":11335687,"memoryLabels":[{"Default":29313},{"Permanent":15236},{"NewDelete":67939},{"Thread":4230344},{"Manager":32381},{"VertexData":200},{"Geometry":816},{"Texture":296},{"Shader":79635},{"Material":24},{"GfxDevice":56016},{"Animation":392},{"Audio":2664},{"FreeType":8},{"FontEngine":736},{"Physics":2090},{"Physics2D":16},{"Serialization":720},{"Input":14984},{"JobScheduler":33024},{"TextLib":216},{"Mono":32},{"ScriptingNativeRuntime":155060},{"BaseObject":1635200},{"Resource":1336},{"Renderer":3000},{"Transform":4685},{"File":1016},{"WebCam":616},{"Culling":32},{"Terrain":11394},{"Wind":24},{"STL":40},{"String":374258},{"DynamicArray":80828},{"HashMap":61648},{"Utility":2660278},{"Curl":4163},{"PoolAlloc":2056},{"AI":80},{"TypeTree":11341},{"ScriptManager":512},{"RuntimeInitializeOnLoadManager":64},{"SpriteAtlas":112},{"GI":7792},{"Director":8240},{"CloudService":115488},{"WebRequest":808},{"VR":47994},{"SceneManager":504},{"Video":208},{"LazyScriptCache":32},{"Camera":17},{"Secure":2377},{"Image":16384},{"SerializationCache":1576},{"APIUpdating":10320},{"Subsystems":336},{"VirtualTexturing":57888},{"StaticSafetyDebugInfo":278528},{"Analytics":384},{"Hierarchy":608},{"CoreStats":13112},{"Identifiers":12960},{"Gui":96},{"EditorUtility":356567},{"VersionControl":4},{"Undo":947},{"AssetDatabase":782656},{"EditorGi":328},{"UnityConnect":29232},{"Upm":1896},{"AssetCompliance":64},{"DrivenProperties":72},{"LocalIPC":215},{"ProfilerEditor":9746},{"CoreBusinessMetrics":2859},{"Licensing":664},{"AssetReference":32},{"IPCStream":32}]}
